 ---------------------
  0. 25 1 1454
 79 97 27 1 17 42 91 35 52 100 94 65 75 92 48 80 43 16 45 25 84 88 80 60 18
 79 97 27 1 17 42 91 35 52 100 94 65 75 92 48 80 43 16 45 25 84 88 80 60 18
 ---------------------
  0. 25 2 1231
 75 19 20 19 40 92 72 97 33 18 81 23 10 31 23 78 38 35 41 100 45 57 17 80 87
 75 19 20 19 40 92 72 97 33 18 81 23 10 31 23 78 38 35 41 100 45 57 17 80 87
 ---------------------
  0. 25 3 1308
 71 41 13 37 63 42 53 59 14 36 68 81 45 70 98 76 33 54 37 75 6 26 54 100 56
 71 41 13 37 63 42 53 59 14 36 68 81 45 70 98 76 33 54 37 75 6 26 54 100 56
 ---------------------
  0. 25 4 1385
 67 63 6 55 86 92 34 21 95 54 55 39 80 9 73 74 28 73 33 50 67 95 91 20 25
 67 63 6 55 86 92 34 21 95 54 55 39 80 9 73 74 28 73 33 50 67 95 91 20 25
 ---------------------
  0. 25 5 1362
 63 85 99 73 9 42 15 83 76 72 42 97 15 48 48 72 23 92 29 25 28 64 28 40 94
 63 85 99 73 9 42 15 83 76 72 42 97 15 48 48 72 23 92 29 25 28 64 28 40 94
 ---------------------
  0. 25 6 1439
 59 7 92 91 32 92 96 45 57 90 29 55 50 87 23 70 18 11 25 100 89 33 65 60 63
 59 7 92 91 32 92 96 45 57 90 29 55 50 87 23 70 18 11 25 100 89 33 65 60 63
 ---------------------
  0. 25 7 1016
 55 29 85 9 55 42 77 7 38 8 16 13 85 26 98 68 13 30 21 75 50 2 2 80 32
 55 29 85 9 55 42 77 7 38 8 16 13 85 26 98 68 13 30 21 75 50 2 2 80 32
 ---------------------
  0. 25 8 1193
 51 51 78 27 78 92 58 69 19 26 3 71 20 65 73 66 8 49 17 50 11 71 39 100 1
 51 51 78 27 78 92 58 69 19 26 3 71 20 65 73 66 8 49 17 50 11 71 39 100 1
 ---------------------
  0. 25 9 1170
 47 73 71 45 1 42 39 31 100 44 90 29 55 4 48 64 3 68 13 25 72 40 76 20 70
 47 73 71 45 1 42 39 31 100 44 90 29 55 4 48 64 3 68 13 25 72 40 76 20 70
 ---------------------
  0. 25 10 1447
 43 95 64 63 24 92 20 93 81 62 77 87 90 43 23 62 98 87 9 100 33 9 13 40 39
 43 95 64 63 24 92 20 93 81 62 77 87 90 43 23 62 98 87 9 100 33 9 13 40 39
 ---------------------
  0. 50 1 2722
 58 46 26 11 47 88 34 59 100 25 71 40 90 32 77 32 24 86 29 36 56 54 100 13 43
 100 32 7 34 100 55 12 63 46 90 7 99 55 86 89 93 37 5 73 47 89 51 88 83 4
 58 46 26 11 47 88 34 59 100 25 71 40 90 32 77 32 24 86 29 36 56 54 100 13 43
 100 32 7 34 100 55 12 63 46 90 7 99 55 86 89 93 37 5 73 47 89 51 88 83 4
 ---------------------
  0. 50 2 2528
 70 38 44 59 23 26 58 53 12 41 89 64 16 96 97 86 52 50 51 84 30 24 4 7 81 30 52
 33 98 100 37 56 91 42 20 29 27 11 58 59 95 55 21 23 71 35 67 82 51 30
 70 38 44 59 23 26 58 53 12 41 89 64 16 96 97 86 52 50 51 84 30 24 4 7 81 30 52
 33 98 100 37 56 91 42 20 29 27 11 58 59 95 55 21 23 71 35 67 82 51 30
 ---------------------
  0. 50 3 2634
 82 30 62 7 99 64 82 47 24 57 7 88 42 60 17 40 80 14 73 32 4 94 8 1 19 60 72 59
 62 100 19 100 19 38 50 51 55 67 30 29 97 73 37 73 95 81 83 76 19 56
 82 30 62 7 99 64 82 47 24 57 7 88 42 60 17 40 80 14 73 32 4 94 8 1 19 60 72 59
 62 100 19 100 19 38 50 51 55 67 30 29 97 73 37 73 95 81 83 76 19 56
 ---------------------
  0. 50 4 2840
 94 22 80 55 75 2 6 41 36 73 25 12 68 24 37 94 8 78 95 80 78 64 12 95 57 90 92
 85 26 100 1 44 47 34 80 73 83 23 2 99 99 91 53 23 19 27 99 70 87 82
 94 22 80 55 75 2 6 41 36 73 25 12 68 24 37 94 8 78 95 80 78 64 12 95 57 90 92
 85 26 100 1 44 47 34 80 73 83 23 2 99 99 91 53 23 19 27 99 70 87 82
 ---------------------
  0. 50 5 2446
 6 14 98 3 51 40 30 35 48 89 43 36 94 88 57 48 36 42 17 28 52 34 16 89 95 20 12
 11 90 100 83 88 75 30 10 95 11 79 74 69 1 9 69 73 43 73 15 64 55 8
 6 14 98 3 51 40 30 35 48 89 43 36 94 88 57 48 36 42 17 28 52 34 16 89 95 20 12
 11 90 100 83 88 75 30 10 95 11 79 74 69 1 9 69 73 43 73 15 64 55 8
 ---------------------
  0. 50 6 1952
 18 6 16 51 27 78 54 29 60 5 61 60 20 52 77 2 64 6 39 76 26 4 20 83 33 50 32 37
 54 100 65 32 3 26 40 17 39 35 46 39 3 27 85 23 67 19 31 58 23 34
 18 6 16 51 27 78 54 29 60 5 61 60 20 52 77 2 64 6 39 76 26 4 20 83 33 50 32 37
 54 100 65 32 3 26 40 17 39 35 46 39 3 27 85 23 67 19 31 58 23 34
 ---------------------
  0. 50 7 2758
 30 98 34 99 3 16 78 23 72 21 79 84 46 16 97 56 92 70 61 24 100 74 24 77 71 80
 52 63 18 100 47 76 31 22 70 39 67 91 18 9 5 45 1 73 91 65 47 52 91 60
 30 98 34 99 3 16 78 23 72 21 79 84 46 16 97 56 92 70 61 24 100 74 24 77 71 80
 52 63 18 100 47 76 31 22 70 39 67 91 18 9 5 45 1 73 91 65 47 52 91 60
 ---------------------
  0. 50 8 2564
 42 90 52 47 79 54 2 17 84 37 97 8 72 80 17 10 20 34 83 72 74 44 28 71 9 10 72
 89 82 100 29 20 59 18 100 61 95 47 90 79 7 63 17 23 15 11 63 46 59 86
 42 90 52 47 79 54 2 17 84 37 97 8 72 80 17 10 20 34 83 72 74 44 28 71 9 10 72
 89 82 100 29 20 59 18 100 61 95 47 90 79 7 63 17 23 15 11 63 46 59 86
 ---------------------
  0. 50 9 2470
 54 82 70 95 55 92 26 11 96 53 15 32 98 44 37 64 48 98 5 20 48 14 32 65 47 40 92
 15 46 100 11 64 87 14 30 83 23 3 62 49 9 81 33 73 39 57 79 40 27 12
 54 82 70 95 55 92 26 11 96 53 15 32 98 44 37 64 48 98 5 20 48 14 32 65 47 40 92
 15 46 100 11 64 87 14 30 83 23 3 62 49 9 81 33 73 39 57 79 40 27 12
 ---------------------
  0. 50 10 2276
 66 74 88 43 31 30 50 5 8 69 33 56 24 8 57 18 76 62 27 68 22 84 36 59 85 70 12
 41 10 100 93 8 15 10 60 5 51 59 34 19 11 99 49 23 63 3 95 34 95 38
 66 74 88 43 31 30 50 5 8 69 33 56 24 8 57 18 76 62 27 68 22 84 36 59 85 70 12
 41 10 100 93 8 15 10 60 5 51 59 34 19 11 99 49 23 63 3 95 34 95 38
 ---------------------
  0. 75 1 4381
 98 65 80 54 83 81 16 92 81 68 95 64 35 33 90 35 90 56 56 76 51 54 52 24 13 79
 60 49 78 82 100 1 90 49 6 33 100 45 55 71 29 8 28 97 24 91 45 40 86 81 3 61 58
 86 18 98 76 32 49 51 82 72 38 11 40 88 37 39 10 100 91 51 71 76 74
 98 65 80 54 83 81 16 92 81 68 95 64 35 33 90 35 90 56 56 76 51 54 52 24 13 79
 60 49 78 82 100 1 90 49 6 33 100 45 55 71 29 8 28 97 24 91 45 40 86 81 3 61 58
 86 18 98 76 32 49 51 82 72 38 11 40 88 37 39 10 100 91 51 71 76 74
 ---------------------
  0. 75 2 3462
 21 9 64 5 7 83 12 25 58 49 10 16 18 96 61 35 52 70 66 37 58 5 96 18 12 96 31 4
 95 37 49 48 2 14 91 4 83 24 78 16 100 86 2 94 72 93 78 20 62 100 51 80 82 83 8
 74 8 51 15 4 1 89 48 43 50 25 15 25 25 69 58 33 9 67 87
 21 9 64 5 7 83 12 25 58 49 10 16 18 96 61 35 52 70 66 37 58 5 96 18 12 96 31 4
 95 37 49 48 2 14 91 4 83 24 78 16 100 86 2 94 72 93 78 20 62 100 51 80 82 83 8
 74 8 51 15 4 1 89 48 43 50 25 15 25 25 69 58 33 9 67 87
 ---------------------
  0. 75 3 3843
 44 53 48 56 31 85 8 58 35 30 25 68 1 59 32 35 14 84 76 98 65 56 40 12 11 13 2
 59 12 92 98 95 14 79 76 75 66 3 1 61 71 64 76 91 20 95 11 100 38 19 99 99 6 80
 98 50 40 70 81 57 20 6 58 75 60 62 93 11 40 38 25 15 47 58 100
 44 53 48 56 31 85 8 58 35 30 25 68 1 59 32 35 14 84 76 98 65 56 40 12 11 13 2
 59 12 92 98 95 14 79 76 75 66 3 1 61 71 64 76 91 20 95 11 100 38 19 99 99 6 80
 98 50 40 70 81 57 20 6 58 75 60 62 93 11 40 38 25 15 47 58 100
 ---------------------
  0. 75 4 3724
 67 97 32 7 55 87 4 91 12 11 40 20 84 22 3 35 76 98 86 59 72 7 84 6 10 30 73 14
 29 47 47 42 26 44 61 46 49 82 24 6 42 42 50 88 68 97 44 80 14 38 47 18 30 77 88
 26 72 89 47 10 39 23 68 7 70 99 71 97 55 7 92 97 85 49 13
 67 97 32 7 55 87 4 91 12 11 40 20 84 22 3 35 76 98 86 59 72 7 84 6 10 30 73 14
 29 47 47 42 26 44 61 46 49 82 24 6 42 42 50 88 68 97 44 80 14 38 47 18 30 77 88
 26 72 89 47 10 39 23 68 7 70 99 71 97 55 7 92 97 85 49 13
 ---------------------
  0. 75 5 4005
 90 41 16 58 79 89 100 24 89 92 55 72 67 85 74 35 38 12 96 20 79 58 28 100 9 47
 44 69 46 2 96 89 38 9 46 17 32 61 47 51 13 20 24 85 16 99 77 60 90 57 95 37 54
 74 78 2 4 8 13 63 58 40 78 39 80 36 49 83 70 76 59 79 23 40 26
 90 41 16 58 79 89 100 24 89 92 55 72 67 85 74 35 38 12 96 20 79 58 28 100 9 47
 44 69 46 2 96 89 38 9 46 17 32 61 47 51 13 20 24 85 16 99 77 60 90 57 95 37 54
 74 78 2 4 8 13 63 58 40 78 39 80 36 49 83 70 76 59 79 23 40 26
 ---------------------
  0. 75 6 4186
 13 85 100 9 3 91 96 57 66 73 70 24 50 48 45 35 100 26 6 81 86 9 72 94 8 64 15
 24 63 57 45 36 50 74 31 88 15 40 70 96 84 98 98 82 64 1 10 40 66 76 43 56 78 71
 68 78 36 27 79 16 77 57 88 71 90 73 27 69 85 45 26 61 61 31 39
 13 85 100 9 3 91 96 57 66 73 70 24 50 48 45 35 100 26 6 81 86 9 72 94 8 64 15
 24 63 57 45 36 50 74 31 88 15 40 70 96 84 98 98 82 64 1 10 40 66 76 43 56 78 71
 68 78 36 27 79 16 77 57 88 71 90 73 27 69 85 45 26 61 61 31 39
 ---------------------
  0. 75 7 4167
 36 29 84 60 27 93 92 90 43 54 85 76 33 11 16 35 62 40 16 42 93 60 16 88 7 81 86
 79 80 12 94 83 62 39 16 59 98 19 93 41 55 76 72 79 12 3 43 20 42 95 91 75 2 68
 58 54 68 46 45 69 96 74 98 3 100 10 5 55 100 14 93 43 99 22 52
 36 29 84 60 27 93 92 90 43 54 85 76 33 11 16 35 62 40 16 42 93 60 16 88 7 81 86
 79 80 12 94 83 62 39 16 59 98 19 93 41 55 76 72 79 12 3 43 20 42 95 91 75 2 68
 58 54 68 46 45 69 96 74 98 3 100 10 5 55 100 14 93 43 99 22 52
 ---------------------
  0. 75 8 3648
 59 73 68 11 51 95 88 23 20 35 100 28 16 74 87 35 24 54 26 3 100 11 60 82 6 98
 57 34 97 67 43 30 74 4 1 30 81 98 16 86 26 54 46 76 60 5 76 100 18 14 39 94 26
 65 48 30 100 65 11 22 15 91 8 35 10 47 83 41 15 83 60 25 37 13 65
 59 73 68 11 51 95 88 23 20 35 100 28 16 74 87 35 24 54 26 3 100 11 60 82 6 98
 57 34 97 67 43 30 74 4 1 30 81 98 16 86 26 54 46 76 60 5 76 100 18 14 39 94 26
 65 48 30 100 65 11 22 15 91 8 35 10 47 83 41 15 83 60 25 37 13 65
 ---------------------
  0. 75 9 3729
 82 17 52 62 75 97 84 56 97 16 15 80 99 37 58 35 86 68 36 64 7 62 4 76 5 15 28
 89 14 22 92 77 86 69 86 1 64 77 39 31 97 32 20 73 8 7 9 80 94 33 87 13 50 62 38
 6 32 84 77 75 34 8 18 67 20 84 61 27 30 52 27 7 75 4 78
 82 17 52 62 75 97 84 56 97 16 15 80 99 37 58 35 86 68 36 64 7 62 4 76 5 15 28
 89 14 22 92 77 86 69 86 1 64 77 39 31 97 32 20 73 8 7 9 80 94 33 87 13 50 62 38
 6 32 84 77 75 34 8 18 67 20 84 61 27 30 52 27 7 75 4 78
 ---------------------
  0. 75 10 3910
 5 61 36 13 99 99 80 89 74 97 30 32 82 100 29 35 48 82 46 25 14 13 48 70 4 32 99
 44 31 77 41 24 98 34 71 72 47 56 62 76 68 10 94 70 56 9 42 60 70 52 35 32 74 59
 28 82 64 3 43 28 53 25 28 99 30 21 39 13 45 21 94 89 13 95 91
 5 61 36 13 99 99 80 89 74 97 30 32 82 100 29 35 48 82 46 25 14 13 48 70 4 32 99
 44 31 77 41 24 98 34 71 72 47 56 62 76 68 10 94 70 56 9 42 60 70 52 35 32 74 59
 28 82 64 3 43 28 53 25 28 99 30 21 39 13 45 21 94 89 13 95 91
 ---------------------
  0. 100 1 4505
 19 34 66 85 48 90 20 5 71 2 55 11 8 55 10 67 63 1 15 23 80 45 17 73 45 87 6 16
 75 57 99 13 64 16 13 73 43 40 95 35 28 61 24 74 7 42 18 14 52 54 20 41 26 22 56
 7 71 51 73 76 48 81 11 37 75 95 88 35 49 69 50 50 50 62 4 40 20 96 18 39 17 56
 44 100 10 19 3 28 42 19 86 9 92 27 86 79 12 63 71 68
 19 34 66 85 48 90 20 5 71 2 55 11 8 55 10 67 63 1 15 23 80 45 17 73 45 87 6 16
 75 57 99 13 64 16 13 73 43 40 95 35 28 61 24 74 7 42 18 14 52 54 20 41 26 22 56
 7 71 51 73 76 48 81 11 37 75 95 88 35 49 69 50 50 50 62 4 40 20 96 18 39 17 56
 44 100 10 19 3 28 42 19 86 9 92 27 86 79 12 63 71 68
 ---------------------
  0. 100 2 5385
 83 26 98 81 68 58 96 97 59 6 47 67 88 31 90 83 67 49 35 15 36 21 1 61 29 71 42
 12 47 21 79 49 16 68 61 49 59 80 35 99 52 57 76 46 11 94 38 58 64 34 20 89 94
 26 68 35 11 31 21 20 100 17 63 61 55 91 92 43 21 97 46 10 86 2 96 48 28 76 94
 95 61 12 92 28 22 63 87 56 14 71 58 17 60 39 54 43 72 75 51 64
 83 26 98 81 68 58 96 97 59 6 47 67 88 31 90 83 67 49 35 15 36 21 1 61 29 71 42
 12 47 21 79 49 16 68 61 49 59 80 35 99 52 57 76 46 11 94 38 58 64 34 20 89 94
 26 68 35 11 31 21 20 100 17 63 61 55 91 92 43 21 97 46 10 86 2 96 48 28 76 94
 95 61 12 92 28 22 63 87 56 14 71 58 17 60 39 54 43 72 75 51 64
 ---------------------
  0. 100 3 4965
 47 18 30 77 88 26 72 89 47 10 39 23 68 7 70 99 71 97 55 7 92 97 85 49 13 55 78
 8 19 85 59 85 68 20 9 25 75 20 75 63 76 53 28 18 15 46 58 2 76 14 20 37 62 30
 80 63 51 11 69 64 52 53 15 85 35 87 96 51 93 25 42 70 22 42 88 56 36 56 70 51 5
 68 40 56 34 7 71 84 86 23 30 25 28 51 22 7 32 87 31 60
 47 18 30 77 88 26 72 89 47 10 39 23 68 7 70 99 71 97 55 7 92 97 85 49 13 55 78
 8 19 85 59 85 68 20 9 25 75 20 75 63 76 53 28 18 15 46 58 2 76 14 20 37 62 30
 80 63 51 11 69 64 52 53 15 85 35 87 96 51 93 25 42 70 22 42 88 56 36 56 70 51 5
 68 40 56 34 7 71 84 86 23 30 25 28 51 22 7 32 87 31 60
 ---------------------
  0. 100 4 5445
 11 10 62 73 8 94 48 81 35 14 31 79 48 83 50 15 75 45 75 99 48 73 69 37 97 39 14
 4 91 49 39 21 20 72 57 1 91 60 15 27 100 49 80 90 19 98 78 46 88 94 20 85 30 34
 92 91 91 91 17 8 4 89 67 9 15 83 100 59 65 53 38 30 58 82 80 64 44 36 46 7 49
 24 88 84 46 51 55 12 58 75 2 33 96 63 90 71 92 99 11 56
 11 10 62 73 8 94 48 81 35 14 31 79 48 83 50 15 75 45 75 99 48 73 69 37 97 39 14
 4 91 49 39 21 20 72 57 1 91 60 15 27 100 49 80 90 19 98 78 46 88 94 20 85 30 34
 92 91 91 91 17 8 4 89 67 9 15 83 100 59 65 53 38 30 58 82 80 64 44 36 46 7 49
 24 88 84 46 51 55 12 58 75 2 33 96 63 90 71 92 99 11 56
 ---------------------
  0. 100 5 5125
 75 2 94 69 28 62 24 73 23 18 23 35 28 59 30 31 79 93 95 91 4 49 53 25 81 23 50
 100 63 13 19 57 72 24 5 77 7 100 55 91 24 45 32 62 23 50 98 90 100 74 20 33 98
 38 4 19 31 71 65 52 56 25 19 33 95 79 4 67 37 81 34 90 94 22 72 72 52 16 22 63
 93 80 36 12 58 95 39 40 30 27 74 41 64 75 58 35 52 11 91 52
 75 2 94 69 28 62 24 73 23 18 23 35 28 59 30 31 79 93 95 91 4 49 53 25 81 23 50
 100 63 13 19 57 72 24 5 77 7 100 55 91 24 45 32 62 23 50 98 90 100 74 20 33 98
 38 4 19 31 71 65 52 56 25 19 33 95 79 4 67 37 81 34 90 94 22 72 72 52 16 22 63
 93 80 36 12 58 95 39 40 30 27 74 41 64 75 58 35 52 11 91 52
 ---------------------
  0. 100 6 4905
 39 94 26 65 48 30 100 65 11 22 15 91 8 35 10 47 83 41 15 83 60 25 37 13 65 7 86
 96 35 77 99 93 24 76 53 53 23 40 95 55 48 41 84 34 27 2 18 34 12 54 20 81 66 42
 16 47 71 51 13 96 8 61 71 57 75 75 8 75 9 9 30 50 30 62 64 80 60 96 98 19 37 36
 84 40 70 39 23 68 2 79 46 49 32 87 26 99 12 23 71 48
 39 94 26 65 48 30 100 65 11 22 15 91 8 35 10 47 83 41 15 83 60 25 37 13 65 7 86
 96 35 77 99 93 24 76 53 53 23 40 95 55 48 41 84 34 27 2 18 34 12 54 20 81 66 42
 16 47 71 51 13 96 8 61 71 57 75 75 8 75 9 9 30 50 30 62 64 80 60 96 98 19 37 36
 84 40 70 39 23 68 2 79 46 49 32 87 26 99 12 23 71 48
 ---------------------
  0. 100 7 5185
 3 86 58 61 68 98 76 57 99 26 7 47 88 11 90 63 87 89 35 75 16 1 21 1 49 91 22 92
 7 41 79 29 76 28 1 29 39 80 35 19 72 37 36 6 31 54 38 78 24 34 20 29 34 46 28
 75 11 31 61 40 60 97 23 81 55 71 12 83 81 37 26 10 66 2 56 88 68 76 74 75 81 92
 32 68 82 83 7 96 74 31 18 57 100 99 94 63 72 35 51 44
 3 86 58 61 68 98 76 57 99 26 7 47 88 11 90 63 87 89 35 75 16 1 21 1 49 91 22 92
 7 41 79 29 76 28 1 29 39 80 35 19 72 37 36 6 31 54 38 78 24 34 20 29 34 46 28
 75 11 31 61 40 60 97 23 81 55 71 12 83 81 37 26 10 66 2 56 88 68 76 74 75 81 92
 32 68 82 83 7 96 74 31 18 57 100 99 94 63 72 35 51 44
 ---------------------
  0. 100 8 5265
 67 78 90 57 88 66 52 49 87 30 99 3 68 87 70 79 91 37 55 67 72 77 5 89 33 75 58
 88 79 5 59 65 28 80 49 5 55 20 75 83 96 33 88 78 35 6 58 22 36 14 20 77 2 50 40
 3 51 11 9 84 12 33 75 5 35 67 16 91 53 65 22 70 2 42 48 96 76 56 50 31 25 48 80
 96 94 27 91 24 46 83 90 65 68 11 62 27 32 47 31 40
 67 78 90 57 88 66 52 49 87 30 99 3 68 87 70 79 91 37 55 67 72 77 5 89 33 75 58
 88 79 5 59 65 28 80 49 5 55 20 75 83 96 33 88 78 35 6 58 22 36 14 20 77 2 50 40
 3 51 11 9 84 12 33 75 5 35 67 16 91 53 65 22 70 2 42 48 96 76 56 50 31 25 48 80
 96 94 27 91 24 46 83 90 65 68 11 62 27 32 47 31 40
 ---------------------
  0. 100 9 5145
 31 70 22 53 8 34 28 41 75 34 91 59 48 63 50 95 95 85 75 59 28 53 89 77 17 59 94
 84 51 69 39 1 80 32 97 81 71 60 15 47 20 29 40 50 39 58 78 66 48 94 20 25 70 54
 52 31 91 91 57 28 64 69 27 29 15 63 20 99 25 93 18 30 38 82 40 4 84 36 26 87 69
 4 28 24 6 71 75 52 18 35 62 73 36 23 30 91 92 59 11 36
 31 70 22 53 8 34 28 41 75 34 91 59 48 63 50 95 95 85 75 59 28 53 89 77 17 59 94
 84 51 69 39 1 80 32 97 81 71 60 15 47 20 29 40 50 39 58 78 66 48 94 20 25 70 54
 52 31 91 91 57 28 64 69 27 29 15 63 20 99 25 93 18 30 38 82 40 4 84 36 26 87 69
 4 28 24 6 71 75 52 18 35 62 73 36 23 30 91 92 59 11 36
 ---------------------
  0. 100 10 4825
 95 62 54 49 28 2 4 33 63 38 83 15 28 39 30 11 99 33 95 51 84 29 73 65 1 43 30
 80 23 33 19 37 32 84 45 57 87 100 55 11 44 25 92 22 43 10 98 10 60 74 20 73 38
 58 64 59 31 71 5 72 16 5 79 53 95 59 24 7 97 21 14 90 74 22 32 12 92 16 2 43 13
 60 76 52 18 15 59 80 90 87 34 81 4 35 98 55 52 71 91 32
 95 62 54 49 28 2 4 33 63 38 83 15 28 39 30 11 99 33 95 51 84 29 73 65 1 43 30
 80 23 33 19 37 32 84 45 57 87 100 55 11 44 25 92 22 43 10 98 10 60 74 20 73 38
 58 64 59 31 71 5 72 16 5 79 53 95 59 24 7 97 21 14 90 74 22 32 12 92 16 2 43 13
 60 76 52 18 15 59 80 90 87 34 81 4 35 98 55 52 71 91 32
 ---------------------
  0. 150 1 7789
 84 8 39 3 72 1 98 37 36 5 41 97 62 4 84 26 32 95 41 51 93 74 97 1 93 42 77 82
 76 2 70 86 56 33 38 7 84 3 99 13 99 5 45 60 65 6 40 34 13 62 69 96 91 90 98 99
 53 7 66 66 18 96 39 24 7 37 53 3 40 79 87 99 83 80 83 98 84 8 4 95 90 71 17 11
 85 75 48 33 27 2 55 82 64 21 27 1 23 66 78 68 23 33 31 19 73 99 80 81 6 24 52
 21 81 65 12 37 33 19 98 7 15 88 26 73 57 55 69 65 8 85 19 4 3 81 44 70 91 53
 100 49 43 30 36 21 88 68 57 92 65 73
 84 8 39 3 72 1 98 37 36 5 41 97 62 4 84 26 32 95 41 51 93 74 97 1 93 42 77 82
 76 2 70 86 56 33 38 7 84 3 99 13 99 5 45 60 65 6 40 34 13 62 69 96 91 90 98 99
 53 7 66 66 18 96 39 24 7 37 53 3 40 79 87 99 83 80 83 98 84 8 4 95 90 71 17 11
 85 75 48 33 27 2 55 82 64 21 27 1 23 66 78 68 23 33 31 19 73 99 80 81 6 24 52
 21 81 65 12 37 33 19 98 7 15 88 26 73 57 55 69 65 8 85 19 4 3 81 44 70 91 53
 100 49 43 30 36 21 88 68 57 92 65 73
 ---------------------
  0. 150 2 8324
 89 33 49 48 42 81 98 87 51 40 21 62 22 49 49 56 42 45 86 21 38 14 57 96 23 12
 92 7 31 12 5 46 16 93 53 72 69 68 44 23 44 35 85 30 10 31 15 49 73 77 84 96 51
 80 58 44 18 57 96 71 13 31 44 29 97 87 78 93 40 19 42 94 73 10 38 43 64 78 39
 80 95 36 12 61 100 75 3 88 97 67 95 77 29 26 82 51 63 76 93 68 68 38 11 94 83
 49 85 91 81 84 42 31 61 30 77 37 3 19 48 47 25 3 1 73 52 5 84 80 28 90 59 74 98
 56 39 65 76 83 85 64 73 85 41 51 43 93 77 57 75 78
 89 33 49 48 42 81 98 87 51 40 21 62 22 49 49 56 42 45 86 21 38 14 57 96 23 12
 92 7 31 12 5 46 16 93 53 72 69 68 44 23 44 35 85 30 10 31 15 49 73 77 84 96 51
 80 58 44 18 57 96 71 13 31 44 29 97 87 78 93 40 19 42 94 73 10 38 43 64 78 39
 80 95 36 12 61 100 75 3 88 97 67 95 77 29 26 82 51 63 76 93 68 68 38 11 94 83
 49 85 91 81 84 42 31 61 30 77 37 3 19 48 47 25 3 1 73 52 5 84 80 28 90 59 74 98
 56 39 65 76 83 85 64 73 85 41 51 43 93 77 57 75 78
 ---------------------
  0. 150 3 8459
 94 58 59 93 12 61 98 37 66 75 1 27 82 94 14 86 52 95 31 91 83 54 17 91 53 82 7
 32 86 22 40 6 76 53 68 37 54 33 89 33 89 65 25 100 55 56 90 64 33 92 99 96 11
 70 18 89 83 7 26 76 8 66 49 34 87 37 3 83 40 59 97 89 63 40 93 88 44 48 74 65
 100 1 7 11 15 75 58 43 67 32 35 72 94 31 37 1 3 86 8 68 13 43 91 69 93 99 90 1
 56 44 32 41 41 95 42 37 73 19 98 87 35 18 76 73 47 55 99 95 48 95 99 44 93 31
 34 60 61 13 70 79 3 40 46 81 98 18 97 22 85 83
 94 58 59 93 12 61 98 37 66 75 1 27 82 94 14 86 52 95 31 91 83 54 17 91 53 82 7
 32 86 22 40 6 76 53 68 37 54 33 89 33 89 65 25 100 55 56 90 64 33 92 99 96 11
 70 18 89 83 7 26 76 8 66 49 34 87 37 3 83 40 59 97 89 63 40 93 88 44 48 74 65
 100 1 7 11 15 75 58 43 67 32 35 72 94 31 37 1 3 86 8 68 13 43 91 69 93 99 90 1
 56 44 32 41 41 95 42 37 73 19 98 87 35 18 76 73 47 55 99 95 48 95 99 44 93 31
 34 60 61 13 70 79 3 40 46 81 98 18 97 22 85 83
 ---------------------
  0. 150 4 7894
 99 83 69 38 82 41 98 87 81 10 81 92 42 39 79 16 62 45 76 61 28 94 77 86 83 52
 22 57 41 32 75 66 36 13 83 2 39 98 34 43 34 95 65 70 100 81 65 79 93 7 14 96 71
 60 78 34 48 57 56 81 3 1 54 39 77 87 28 73 40 99 52 84 53 70 48 33 24 18 9 50 5
 66 2 61 30 75 13 98 37 97 75 67 59 36 92 51 43 96 23 68 58 48 71 44 3 49 95 11
 31 4 22 51 21 60 7 37 43 19 48 27 45 33 51 73 42 5 14 10 68 100 39 14 88 6 29
 55 46 43 55 94 33 95 51 11 53 43 17 87 95 88
 99 83 69 38 82 41 98 87 81 10 81 92 42 39 79 16 62 45 76 61 28 94 77 86 83 52
 22 57 41 32 75 66 36 13 83 2 39 98 34 43 34 95 65 70 100 81 65 79 93 7 14 96 71
 60 78 34 48 57 56 81 3 1 54 39 77 87 28 73 40 99 52 84 53 70 48 33 24 18 9 50 5
 66 2 61 30 75 13 98 37 97 75 67 59 36 92 51 43 96 23 68 58 48 71 44 3 49 95 11
 31 4 22 51 21 60 7 37 43 19 48 27 45 33 51 73 42 5 14 10 68 100 39 14 88 6 29
 55 46 43 55 94 33 95 51 11 53 43 17 87 95 88
 ---------------------
  0. 150 5 7229
 4 8 79 83 52 21 98 37 96 45 61 57 2 84 44 46 72 95 21 31 73 34 37 81 13 22 37
 82 96 42 10 26 96 73 98 67 24 63 79 53 79 25 5 40 45 6 40 94 53 22 29 96 31 50
 38 79 13 7 86 86 98 36 59 44 67 37 53 63 40 39 7 79 43 100 3 78 4 88 44 35 10
 31 97 11 45 75 68 53 7 62 15 62 24 41 47 1 83 6 38 68 3 53 51 19 13 99 100 21 6
 64 12 61 1 25 72 37 13 19 98 67 55 48 26 73 37 55 29 25 88 5 79 84 83 81 24 50
 31 73 40 9 63 50 56 41 8 68 37 52 5 93
 4 8 79 83 52 21 98 37 96 45 61 57 2 84 44 46 72 95 21 31 73 34 37 81 13 22 37
 82 96 42 10 26 96 73 98 67 24 63 79 53 79 25 5 40 45 6 40 94 53 22 29 96 31 50
 38 79 13 7 86 86 98 36 59 44 67 37 53 63 40 39 7 79 43 100 3 78 4 88 44 35 10
 31 97 11 45 75 68 53 7 62 15 62 24 41 47 1 83 6 38 68 3 53 51 19 13 99 100 21 6
 64 12 61 1 25 72 37 13 19 98 67 55 48 26 73 37 55 29 25 88 5 79 84 83 81 24 50
 31 73 40 9 63 50 56 41 8 68 37 52 5 93
 ---------------------
  0. 150 6 7164
 9 33 89 28 22 1 98 87 11 80 41 22 62 29 9 76 82 45 66 1 18 74 97 76 43 92 52 7
 51 52 45 86 56 33 13 32 9 28 24 63 24 55 45 10 90 31 15 9 13 37 44 96 91 40 98
 24 78 57 16 91 93 71 64 49 57 87 78 53 40 79 62 74 33 30 58 23 84 58 79 20 15
 96 92 61 60 75 23 8 77 27 55 57 89 46 2 51 23 16 53 68 48 58 31 94 23 49 5 31
 81 24 2 71 81 90 37 37 83 19 48 7 65 63 1 73 32 5 44 40 8 10 19 54 78 56 19 45
 16 3 25 24 93 5 61 71 63 93 57 17 15 98
 9 33 89 28 22 1 98 87 11 80 41 22 62 29 9 76 82 45 66 1 18 74 97 76 43 92 52 7
 51 52 45 86 56 33 13 32 9 28 24 63 24 55 45 10 90 31 15 9 13 37 44 96 91 40 98
 24 78 57 16 91 93 71 64 49 57 87 78 53 40 79 62 74 33 30 58 23 84 58 79 20 15
 96 92 61 60 75 23 8 77 27 55 57 89 46 2 51 23 16 53 68 48 58 31 94 23 49 5 31
 81 24 2 71 81 90 37 37 83 19 48 7 65 63 1 73 32 5 44 40 8 10 19 54 78 56 19 45
 16 3 25 24 93 5 61 71 63 93 57 17 15 98
 ---------------------
  0. 150 7 7799
 14 58 99 73 92 81 98 37 26 15 21 87 22 74 74 6 92 95 11 71 63 14 57 71 73 62 67
 32 6 62 80 46 16 93 28 97 94 93 69 73 69 85 85 80 35 56 90 24 73 52 59 96 51 30
 58 69 43 7 46 96 88 6 69 54 47 37 3 43 40 19 17 69 23 60 13 68 64 28 14 5 20 61
 87 11 75 75 78 63 47 92 95 52 54 51 57 1 63 26 68 68 93 63 11 69 33 99 10 41 56
 84 92 81 61 55 2 37 53 19 98 47 75 78 76 73 27 55 59 55 28 15 59 24 73 31 14 40
 1 33 10 39 23 60 66 1 18 18 77 82 25 3
 14 58 99 73 92 81 98 37 26 15 21 87 22 74 74 6 92 95 11 71 63 14 57 71 73 62 67
 32 6 62 80 46 16 93 28 97 94 93 69 73 69 85 85 80 35 56 90 24 73 52 59 96 51 30
 58 69 43 7 46 96 88 6 69 54 47 37 3 43 40 19 17 69 23 60 13 68 64 28 14 5 20 61
 87 11 75 75 78 63 47 92 95 52 54 51 57 1 63 26 68 68 93 63 11 69 33 99 10 41 56
 84 92 81 61 55 2 37 53 19 98 47 75 78 76 73 27 55 59 55 28 15 59 24 73 31 14 40
 1 33 10 39 23 60 66 1 18 18 77 82 25 3
 ---------------------
  0. 150 8 7334
 19 83 9 18 62 61 98 87 41 50 1 52 82 19 39 36 2 45 56 41 8 54 17 66 3 32 82 57
 61 72 15 6 76 53 43 62 79 58 14 83 14 15 25 50 80 81 65 39 33 67 74 96 11 20 18
 14 8 57 76 1 83 41 74 59 37 87 28 33 40 59 72 64 13 90 68 13 44 98 49 90 25 26
 82 61 90 75 33 18 17 57 35 47 19 56 12 51 3 36 83 68 38 68 91 44 43 49 15 51 31
 44 82 91 41 20 67 37 23 19 48 87 85 93 51 73 22 5 74 70 48 20 99 94 68 6 9 35
 86 63 95 54 53 15 71 31 73 43 97 47 35 8
 19 83 9 18 62 61 98 87 41 50 1 52 82 19 39 36 2 45 56 41 8 54 17 66 3 32 82 57
 61 72 15 6 76 53 43 62 79 58 14 83 14 15 25 50 80 81 65 39 33 67 74 96 11 20 18
 14 8 57 76 1 83 41 74 59 37 87 28 33 40 59 72 64 13 90 68 13 44 98 49 90 25 26
 82 61 90 75 33 18 17 57 35 47 19 56 12 51 3 36 83 68 38 68 91 44 43 49 15 51 31
 44 82 91 41 20 67 37 23 19 48 87 85 93 51 73 22 5 74 70 48 20 99 94 68 6 9 35
 86 63 95 54 53 15 71 31 73 43 97 47 35 8
 ---------------------
  0. 150 9 7669
 24 8 19 63 32 41 98 37 56 85 81 17 42 64 4 66 12 95 1 11 53 94 77 61 33 2 97 82
 16 82 50 66 36 13 58 27 64 23 59 93 59 45 65 20 25 6 40 54 93 82 89 96 71 10 78
 59 73 7 6 6 78 76 79 64 27 37 53 23 40 99 27 59 3 20 23 58 24 68 84 75 30 91 77
 11 5 75 88 73 87 22 75 42 84 61 67 1 43 46 98 68 83 73 71 19 53 99 20 61 6 4 72
 1 21 85 32 37 93 19 98 27 95 8 26 73 17 55 89 85 68 25 39 64 63 81 4 30 71 93
 80 69 83 70 76 61 28 68 17 12 45 13
 24 8 19 63 32 41 98 37 56 85 81 17 42 64 4 66 12 95 1 11 53 94 77 61 33 2 97 82
 16 82 50 66 36 13 58 27 64 23 59 93 59 45 65 20 25 6 40 54 93 82 89 96 71 10 78
 59 73 7 6 6 78 76 79 64 27 37 53 23 40 99 27 59 3 20 23 58 24 68 84 75 30 91 77
 11 5 75 88 73 87 22 75 42 84 61 67 1 43 46 98 68 83 73 71 19 53 99 20 61 6 4 72
 1 21 85 32 37 93 19 98 27 95 8 26 73 17 55 89 85 68 25 39 64 63 81 4 30 71 93
 80 69 83 70 76 61 28 68 17 12 45 13
 ---------------------
  0. 150 10 7504
 29 33 29 8 2 21 98 87 71 20 61 82 2 9 69 96 22 45 46 81 98 34 37 56 63 72 12 7
 71 92 85 26 96 73 73 92 49 88 4 3 4 75 5 90 70 31 15 69 53 97 4 96 31 100 38 4
 38 57 36 11 73 11 84 69 17 87 78 13 40 39 82 54 93 50 78 3 4 38 19 60 35 56 72
 61 20 75 43 28 57 87 15 37 49 66 22 51 83 56 13 68 28 78 51 94 63 49 25 71 81
 64 62 11 1 50 97 37 63 19 48 67 5 23 1 73 12 5 4 100 88 30 79 34 58 56 99 25 56
 23 65 84 13 25 81 91 83 93 37 77 55 18
 29 33 29 8 2 21 98 87 71 20 61 82 2 9 69 96 22 45 46 81 98 34 37 56 63 72 12 7
 71 92 85 26 96 73 73 92 49 88 4 3 4 75 5 90 70 31 15 69 53 97 4 96 31 100 38 4
 38 57 36 11 73 11 84 69 17 87 78 13 40 39 82 54 93 50 78 3 4 38 19 60 35 56 72
 61 20 75 43 28 57 87 15 37 49 66 22 51 83 56 13 68 28 78 51 94 63 49 25 71 81
 64 62 11 1 50 97 37 63 19 48 67 5 23 1 73 12 5 4 100 88 30 79 34 58 56 99 25 56
 23 65 84 13 25 81 91 83 93 37 77 55 18
 ---------------------
  0. 200 1 10599
 72 54 7 74 75 9 41 83 1 56 50 43 17 98 65 37 27 99 28 55 57 91 61 53 56 25 12
 88 92 86 47 98 82 96 23 49 88 79 97 12 89 21 97 27 99 13 21 5 7 54 40 44 57 96
 62 75 73 12 52 27 22 63 87 90 68 30 47 91 100 53 17 23 93 75 16 14 35 66 92 82
 53 1 37 66 65 85 12 93 29 94 3 98 80 45 96 67 29 23 12 86 79 56 14 26 2 40 8 92
 32 78 64 81 84 59 25 25 84 43 95 2 2 25 80 15 75 62 10 68 74 77 7 44 35 15 19
 73 18 79 42 41 2 70 99 28 93 79 19 66 71 35 58 62 50 36 80 36 22 100 8 30 23 30
 51 92 77 95 83 57 67 47 7 19 73 61 45 41 76 45 36 40 41 11 61 45 55 78 94 44 39
 25 91 62 13 96 35 84 98 39 84 53
 72 54 7 74 75 9 41 83 1 56 50 43 17 98 65 37 27 99 28 55 57 91 61 53 56 25 12
 88 92 86 47 98 82 96 23 49 88 79 97 12 89 21 97 27 99 13 21 5 7 54 40 44 57 96
 62 75 73 12 52 27 22 63 87 90 68 30 47 91 100 53 17 23 93 75 16 14 35 66 92 82
 53 1 37 66 65 85 12 93 29 94 3 98 80 45 96 67 29 23 12 86 79 56 14 26 2 40 8 92
 32 78 64 81 84 59 25 25 84 43 95 2 2 25 80 15 75 62 10 68 74 77 7 44 35 15 19
 73 18 79 42 41 2 70 99 28 93 79 19 66 71 35 58 62 50 36 80 36 22 100 8 30 23 30
 51 92 77 95 83 57 67 47 7 19 73 61 45 41 76 45 36 40 41 11 61 45 55 78 94 44 39
 25 91 62 13 96 35 84 98 39 84 53
 ---------------------
  0. 200 2 10313
 66 80 63 4 87 69 7 95 71 48 38 75 33 96 83 37 91 79 8 43 9 9 71 33 50 45 70 26
 96 92 15 62 56 86 97 23 70 35 79 90 65 67 63 63 65 83 5 83 59 40 82 54 45 8 34
 5 25 78 8 65 100 73 17 82 84 72 13 71 32 1 33 9 21 69 62 56 65 64 100 46 21 93
 19 32 93 43 46 75 3 26 11 100 4 79 58 57 47 95 2 10 19 42 84 14 20 90 36 14 16
 92 60 51 76 83 55 1 70 39 25 28 26 19 70 23 83 92 26 8 50 73 21 52 49 9 87 71
 18 37 78 93 74 8 51 76 1 93 31 82 97 67 32 40 46 30 90 68 94 76 28 50 73 100 37
 24 19 53 1 1 83 63 71 89 43 59 97 87 74 41 34 16 99 51 81 1 1 22 16 26 91 35 71
 18 55 16 23 86 66 93 80 15
 66 80 63 4 87 69 7 95 71 48 38 75 33 96 83 37 91 79 8 43 9 9 71 33 50 45 70 26
 96 92 15 62 56 86 97 23 70 35 79 90 65 67 63 63 65 83 5 83 59 40 82 54 45 8 34
 5 25 78 8 65 100 73 17 82 84 72 13 71 32 1 33 9 21 69 62 56 65 64 100 46 21 93
 19 32 93 43 46 75 3 26 11 100 4 79 58 57 47 95 2 10 19 42 84 14 20 90 36 14 16
 92 60 51 76 83 55 1 70 39 25 28 26 19 70 23 83 92 26 8 50 73 21 52 49 9 87 71
 18 37 78 93 74 8 51 76 1 93 31 82 97 67 32 40 46 30 90 68 94 76 28 50 73 100 37
 24 19 53 1 1 83 63 71 89 43 59 97 87 74 41 34 16 99 51 81 1 1 22 16 26 91 35 71
 18 55 16 23 86 66 93 80 15
 ---------------------
  0. 200 3 9827
 60 6 19 34 99 29 73 7 41 40 26 7 49 94 1 37 55 59 88 31 61 27 81 13 44 65 28 64
 100 98 83 26 30 76 71 97 52 91 61 68 41 13 29 99 31 53 89 61 11 26 24 64 33 20
 6 35 77 44 64 3 78 83 47 74 100 14 79 51 64 49 49 95 49 63 8 98 95 62 8 10 89
 85 1 98 21 1 80 57 77 58 19 2 28 13 20 47 65 67 92 34 59 28 54 2 38 40 64 36
 100 6 56 21 68 7 85 77 56 35 55 54 50 13 60 31 91 22 42 48 26 69 35 60 63 3 55
 69 18 95 14 45 46 46 3 24 9 7 43 98 23 99 6 18 42 24 100 100 66 52 48 70 23 70
 23 56 61 11 19 45 99 79 35 59 13 57 49 33 72 37 32 92 57 91 1 57 47 66 38 8 43
 45 51 74 97 36 11 88 34 47 76 77
 60 6 19 34 99 29 73 7 41 40 26 7 49 94 1 37 55 59 88 31 61 27 81 13 44 65 28 64
 100 98 83 26 30 76 71 97 52 91 61 68 41 13 29 99 31 53 89 61 11 26 24 64 33 20
 6 35 77 44 64 3 78 83 47 74 100 14 79 51 64 49 49 95 49 63 8 98 95 62 8 10 89
 85 1 98 21 1 80 57 77 58 19 2 28 13 20 47 65 67 92 34 59 28 54 2 38 40 64 36
 100 6 56 21 68 7 85 77 56 35 55 54 50 13 60 31 91 22 42 48 26 69 35 60 63 3 55
 69 18 95 14 45 46 46 3 24 9 7 43 98 23 99 6 18 42 24 100 100 66 52 48 70 23 70
 23 56 61 11 19 45 99 79 35 59 13 57 49 33 72 37 32 92 57 91 1 57 47 66 38 8 43
 45 51 74 97 36 11 88 34 47 76 77
 ---------------------
  0. 200 4 10241
 54 32 75 64 11 89 39 19 11 32 14 39 65 92 19 37 19 39 68 19 13 45 91 93 38 85
 86 2 4 4 51 90 4 66 45 71 34 47 43 46 17 59 95 35 97 23 73 39 63 12 66 74 21 32
 78 65 29 10 20 41 56 93 77 66 16 56 45 31 96 97 65 81 77 57 54 40 25 60 16 74
 57 77 83 64 49 59 14 39 51 90 27 4 52 47 82 37 83 39 82 58 99 14 24 90 56 90 92
 58 84 20 52 91 60 31 15 53 42 31 85 80 74 7 50 39 99 52 58 88 2 65 49 68 77 97
 23 67 18 53 50 97 18 84 55 72 17 21 55 14 49 31 80 96 38 18 10 32 38 28 68 90
 73 40 9 88 3 69 37 89 15 95 99 29 83 55 1 79 70 33 30 68 15 31 21 13 93 10 60
 90 95 55 31 30 39 56 99 90 2 1 72 39
 54 32 75 64 11 89 39 19 11 32 14 39 65 92 19 37 19 39 68 19 13 45 91 93 38 85
 86 2 4 4 51 90 4 66 45 71 34 47 43 46 17 59 95 35 97 23 73 39 63 12 66 74 21 32
 78 65 29 10 20 41 56 93 77 66 16 56 45 31 96 97 65 81 77 57 54 40 25 60 16 74
 57 77 83 64 49 59 14 39 51 90 27 4 52 47 82 37 83 39 82 58 99 14 24 90 56 90 92
 58 84 20 52 91 60 31 15 53 42 31 85 80 74 7 50 39 99 52 58 88 2 65 49 68 77 97
 23 67 18 53 50 97 18 84 55 72 17 21 55 14 49 31 80 96 38 18 10 32 38 28 68 90
 73 40 9 88 3 69 37 89 15 95 99 29 83 55 1 79 70 33 30 68 15 31 21 13 93 10 60
 90 95 55 31 30 39 56 99 90 2 1 72 39
 ---------------------
  0. 200 5 9555
 48 58 31 94 23 49 5 31 81 24 2 71 81 90 37 37 83 19 48 7 65 63 1 73 32 5 44 40
 8 10 19 54 78 56 19 45 16 3 25 24 93 5 61 71 63 93 57 17 15 98 8 84 9 44 50 95
 81 76 76 79 34 3 7 58 32 98 11 11 28 45 81 67 5 51 100 82 55 58 24 38 25 69 65
 30 77 17 48 21 25 22 35 6 76 81 44 27 1 11 72 82 39 100 94 78 74 40 20 80 68 34
 48 61 52 55 45 29 28 27 15 6 98 1 40 47 7 82 74 28 78 61 63 76 91 91 91 65 18
 11 86 49 90 22 7 20 25 35 67 30 75 63 54 74 34 12 20 64 10 4 88 10 23 10 95 20
 45 27 55 33 31 11 63 99 53 53 53 25 68 29 28 44 73 71 41 69 39 54 82 72 47 65
 11 86 81 76 87 92 70 55 68 1
 48 58 31 94 23 49 5 31 81 24 2 71 81 90 37 37 83 19 48 7 65 63 1 73 32 5 44 40
 8 10 19 54 78 56 19 45 16 3 25 24 93 5 61 71 63 93 57 17 15 98 8 84 9 44 50 95
 81 76 76 79 34 3 7 58 32 98 11 11 28 45 81 67 5 51 100 82 55 58 24 38 25 69 65
 30 77 17 48 21 25 22 35 6 76 81 44 27 1 11 72 82 39 100 94 78 74 40 20 80 68 34
 48 61 52 55 45 29 28 27 15 6 98 1 40 47 7 82 74 28 78 61 63 76 91 91 91 65 18
 11 86 49 90 22 7 20 25 35 67 30 75 63 54 74 34 12 20 64 10 4 88 10 23 10 95 20
 45 27 55 33 31 11 63 99 53 53 53 25 68 29 28 44 73 71 41 69 39 54 82 72 47 65
 11 86 81 76 87 92 70 55 68 1
 ---------------------
  0. 200 6 10069
 42 84 87 24 35 9 71 43 51 16 90 3 97 88 55 37 47 99 28 95 17 81 11 53 26 25 2
 78 12 16 87 18 52 46 93 19 98 59 7 2 69 51 27 7 29 63 41 95 67 84 50 94 97 56
 22 25 33 42 32 17 12 13 37 50 48 40 77 91 60 93 97 53 33 45 46 24 85 56 32 2 93
 61 47 96 5 75 82 3 99 54 43 8 100 15 6 17 19 83 62 6 79 86 64 66 92 90 48 2 52
 48 44 31 44 79 75 5 14 23 45 32 22 95 30 55 15 12 90 68 54 57 77 84 5 85 59 63
 18 69 22 1 62 60 59 68 33 49 79 46 1 95 28 52 30 6 30 96 82 80 8 30 73 80 81 52
 87 85 73 77 47 27 27 69 23 51 5 71 66 25 26 20 31 11 61 25 85 98 4 54 99 75 91
 42 23 96 75 94 38 9 64 63
 42 84 87 24 35 9 71 43 51 16 90 3 97 88 55 37 47 99 28 95 17 81 11 53 26 25 2
 78 12 16 87 18 52 46 93 19 98 59 7 2 69 51 27 7 29 63 41 95 67 84 50 94 97 56
 22 25 33 42 32 17 12 13 37 50 48 40 77 91 60 93 97 53 33 45 46 24 85 56 32 2 93
 61 47 96 5 75 82 3 99 54 43 8 100 15 6 17 19 83 62 6 79 86 64 66 92 90 48 2 52
 48 44 31 44 79 75 5 14 23 45 32 22 95 30 55 15 12 90 68 54 57 77 84 5 85 59 63
 18 69 22 1 62 60 59 68 33 49 79 46 1 95 28 52 30 6 30 96 82 80 8 30 73 80 81 52
 87 85 73 77 47 27 27 69 23 51 5 71 66 25 26 20 31 11 61 25 85 98 4 54 99 75 91
 42 23 96 75 94 38 9 64 63
 ---------------------
  0. 200 7 9983
 36 10 43 54 47 69 37 55 21 8 78 35 13 86 73 37 11 79 8 83 69 99 21 33 20 45 60
 16 16 22 55 82 26 36 67 93 80 15 89 80 45 97 93 43 95 33 25 73 19 70 92 4 85 68
 94 55 85 8 88 55 90 23 67 42 64 82 43 71 92 41 13 39 61 39 92 66 15 54 40 66 61
 53 29 62 33 33 16 85 73 86 51 10 24 49 68 7 37 55 52 30 19 72 34 54 10 40 76 24
 36 62 40 1 36 3 5 81 100 19 75 58 46 89 20 63 23 42 6 8 30 53 91 92 19 79 27 61
 18 27 58 53 34 98 11 16 41 63 91 62 27 27 2 30 26 100 40 28 54 56 28 50 23 50
 67 84 29 43 91 21 63 43 91 39 93 49 57 17 64 21 24 96 89 51 81 81 31 42 26 36
 51 85 71 98 65 16 63 96 6 63 60 25
 36 10 43 54 47 69 37 55 21 8 78 35 13 86 73 37 11 79 8 83 69 99 21 33 20 45 60
 16 16 22 55 82 26 36 67 93 80 15 89 80 45 97 93 43 95 33 25 73 19 70 92 4 85 68
 94 55 85 8 88 55 90 23 67 42 64 82 43 71 92 41 13 39 61 39 92 66 15 54 40 66 61
 53 29 62 33 33 16 85 73 86 51 10 24 49 68 7 37 55 52 30 19 72 34 54 10 40 76 24
 36 62 40 1 36 3 5 81 100 19 75 58 46 89 20 63 23 42 6 8 30 53 91 92 19 79 27 61
 18 27 58 53 34 98 11 16 41 63 91 62 27 27 2 30 26 100 40 28 54 56 28 50 23 50
 67 84 29 43 91 21 63 43 91 39 93 49 57 17 64 21 24 96 89 51 81 81 31 42 26 36
 51 85 71 98 65 16 63 96 6 63 60 25
 ---------------------
  0. 200 8 9797
 30 36 99 84 59 29 3 67 91 100 66 67 29 84 91 37 75 59 88 71 21 17 31 13 14 65
 18 54 20 28 23 46 100 26 41 67 62 71 71 58 21 43 59 79 61 3 9 51 71 56 34 14 73
 80 66 85 37 74 44 93 68 33 97 34 80 24 9 51 24 89 29 25 89 33 38 8 45 52 48 30
 29 45 11 28 61 91 50 67 47 18 59 12 48 83 30 97 55 27 42 54 59 58 4 42 28 90 4
 46 20 76 36 71 28 27 35 57 86 15 5 84 70 83 10 71 31 72 22 48 6 49 5 100 33 73
 95 59 18 85 94 5 6 36 63 64 49 77 3 78 53 59 76 8 22 94 50 60 26 32 48 70 73 20
 53 16 71 1 9 65 79 59 55 9 63 47 9 63 62 17 22 72 47 91 1 37 77 86 48 18 3 95
 51 54 7 36 51 98 74 17 56 87
 30 36 99 84 59 29 3 67 91 100 66 67 29 84 91 37 75 59 88 71 21 17 31 13 14 65
 18 54 20 28 23 46 100 26 41 67 62 71 71 58 21 43 59 79 61 3 9 51 71 56 34 14 73
 80 66 85 37 74 44 93 68 33 97 34 80 24 9 51 24 89 29 25 89 33 38 8 45 52 48 30
 29 45 11 28 61 91 50 67 47 18 59 12 48 83 30 97 55 27 42 54 59 58 4 42 28 90 4
 46 20 76 36 71 28 27 35 57 86 15 5 84 70 83 10 71 31 72 22 48 6 49 5 100 33 73
 95 59 18 85 94 5 6 36 63 64 49 77 3 78 53 59 76 8 22 94 50 60 26 32 48 70 73 20
 53 16 71 1 9 65 79 59 55 9 63 47 9 63 62 17 22 72 47 91 1 37 77 86 48 18 3 95
 51 54 7 36 51 98 74 17 56 87
 ---------------------
  0. 200 9 10511
 24 62 55 14 71 89 69 79 61 92 54 99 45 82 9 37 39 39 68 59 73 35 41 93 8 85 76
 92 24 34 91 10 74 16 15 41 44 27 53 36 97 89 25 15 27 73 93 29 23 42 76 24 61
 92 38 15 89 40 100 31 46 43 27 26 96 66 75 31 56 37 45 11 17 27 84 50 75 50 56
 94 97 37 93 94 89 49 84 49 21 50 67 14 72 17 92 87 73 99 32 78 99 44 74 30 46
 40 32 68 4 90 32 41 20 51 65 33 72 11 35 10 94 77 100 79 39 2 38 88 82 45 19 8
 47 67 63 57 18 43 30 57 78 74 15 12 57 91 15 94 79 91 50 86 18 88 60 92 98 8 68
 90 23 90 39 48 13 59 27 9 95 75 19 79 33 45 61 9 60 13 20 48 5 31 21 93 23 30
 70 100 55 5 31 10 49 56 39 100 42 71 52 49
 24 62 55 14 71 89 69 79 61 92 54 99 45 82 9 37 39 39 68 59 73 35 41 93 8 85 76
 92 24 34 91 10 74 16 15 41 44 27 53 36 97 89 25 15 27 73 93 29 23 42 76 24 61
 92 38 15 89 40 100 31 46 43 27 26 96 66 75 31 56 37 45 11 17 27 84 50 75 50 56
 94 97 37 93 94 89 49 84 49 21 50 67 14 72 17 92 87 73 99 32 78 99 44 74 30 46
 40 32 68 4 90 32 41 20 51 65 33 72 11 35 10 94 77 100 79 39 2 38 88 82 45 19 8
 47 67 63 57 18 43 30 57 78 74 15 12 57 91 15 94 79 91 50 86 18 88 60 92 98 8 68
 90 23 90 39 48 13 59 27 9 95 75 19 79 33 45 61 9 60 13 20 48 5 31 21 93 23 30
 70 100 55 5 31 10 49 56 39 100 42 71 52 49
 ---------------------
  0. 200 10 9025
 18 88 11 44 83 49 35 91 31 84 42 31 61 80 27 37 3 19 48 47 25 53 51 73 2 5 34
 30 28 40 59 74 48 6 89 15 26 83 35 14 73 35 91 51 93 43 77 7 75 28 18 34 49 4
 10 45 41 6 56 69 24 53 57 18 12 8 41 11 88 85 61 97 45 21 30 92 5 48 64 58 65
 29 75 60 17 7 18 31 95 82 75 16 96 51 54 77 91 71 22 2 39 30 44 18 64 90 60 90
 88 4 28 11 12 75 95 9 58 7 65 36 18 71 90 87 47 32 54 28 58 41 33 16 61 61 31
 55 18 1 66 9 50 12 67 60 65 5 27 10 5 23 24 64 14 82 70 24 70 84 88 10 73 60 25
 80 55 17 45 53 11 91 83 49 3 43 13 55 58 9 18 24 63 71 41 49 69 74 92 82 7 15
 11 66 91 76 27 2 10 25 48 11
 18 88 11 44 83 49 35 91 31 84 42 31 61 80 27 37 3 19 48 47 25 53 51 73 2 5 34
 30 28 40 59 74 48 6 89 15 26 83 35 14 73 35 91 51 93 43 77 7 75 28 18 34 49 4
 10 45 41 6 56 69 24 53 57 18 12 8 41 11 88 85 61 97 45 21 30 92 5 48 64 58 65
 29 75 60 17 7 18 31 95 82 75 16 96 51 54 77 91 71 22 2 39 30 44 18 64 90 60 90
 88 4 28 11 12 75 95 9 58 7 65 36 18 71 90 87 47 32 54 28 58 41 33 16 61 61 31
 55 18 1 66 9 50 12 67 60 65 5 27 10 5 23 24 64 14 82 70 24 70 84 88 10 73 60 25
 80 55 17 45 53 11 91 83 49 3 43 13 55 58 9 18 24 63 71 41 49 69 74 92 82 7 15
 11 66 91 76 27 2 10 25 48 11
 ---------------------
  0.0500000007 25 1 1454
 82 92 28 0 17 39 95 33 54 94 98 61 78 87 50 75 45 15 47 23 88 83 84 56 18
 79 97 27 1 17 42 91 35 52 100 94 65 75 92 48 80 43 16 45 25 84 88 80 60 18
 ---------------------
  0.0500000007 25 2 1231
 78 18 21 18 42 87 75 92 34 17 85 21 10 29 24 74 39 33 43 94 47 54 17 75 91
 75 19 20 19 40 92 72 97 33 18 81 23 10 31 23 78 38 35 41 100 45 57 17 80 87
 ---------------------
  0.0500000007 25 3 1308
 74 38 13 35 66 39 55 56 14 34 71 76 47 66 102 72 34 51 38 71 6 24 56 94 58
 71 41 13 37 63 42 53 59 14 36 68 81 45 70 98 76 33 54 37 75 6 26 54 100 56
 ---------------------
  0.0500000007 25 4 1385
 70 59 6 52 90 87 35 19 99 51 57 37 84 8 76 70 29 69 34 47 70 90 95 18 26
 67 63 6 55 86 92 34 21 95 54 55 39 80 9 73 74 28 73 33 50 67 95 91 20 25
 ---------------------
  0.0500000007 25 5 1362
 66 80 103 69 9 39 15 78 79 68 44 92 15 45 50 68 24 87 30 23 29 60 29 37 98
 63 85 99 73 9 42 15 83 76 72 42 97 15 48 48 72 23 92 29 25 28 64 28 40 94
 ---------------------
  0.0500000007 25 6 1439
 61 6 96 86 33 87 100 42 59 85 30 52 52 82 24 66 18 10 26 94 93 31 68 56 66
 59 7 92 91 32 92 96 45 57 90 29 55 50 87 23 70 18 11 25 100 89 33 65 60 63
 ---------------------
  0.0500000007 25 7 1016
 57 27 89 8 57 39 80 6 39 7 16 12 89 24 102 64 13 28 22 71 52 1 2 75 33
 55 29 85 9 55 42 77 7 38 8 16 13 85 26 98 68 13 30 21 75 50 2 2 80 32
 ---------------------
  0.0500000007 25 8 1193
 53 48 81 25 81 87 60 65 19 24 3 67 21 61 76 62 8 46 17 47 11 67 40 94 1
 51 51 78 27 78 92 58 69 19 26 3 71 20 65 73 66 8 49 17 50 11 71 39 100 1
 ---------------------
  0.0500000007 25 9 1170
 49 69 74 42 1 39 40 29 105 41 94 27 57 3 50 60 3 64 13 23 75 37 79 18 73
 47 73 71 45 1 42 39 31 100 44 90 29 55 4 48 64 3 68 13 25 72 40 76 20 70
 ---------------------
  0.0500000007 25 10 1447
 45 90 67 59 25 87 21 88 85 58 80 82 94 40 24 58 102 82 9 94 34 8 13 37 40
 43 95 64 63 24 92 20 93 81 62 77 87 90 43 23 62 98 87 9 100 33 9 13 40 39
 ---------------------
  0.0500000007 50 1 2722
 60 43 27 10 49 83 35 56 105 23 74 37 94 30 80 30 25 81 30 34 58 51 105 12 45 94
 33 6 35 94 57 11 66 43 94 6 103 52 90 84 97 35 5 69 49 84 53 83 87 3
 58 46 26 11 47 88 34 59 100 25 71 40 90 32 77 32 24 86 29 36 56 54 100 13 43
 100 32 7 34 100 55 12 63 46 90 7 99 55 86 89 93 37 5 73 47 89 51 88 83 4
 ---------------------
  0.0500000007 50 2 2528
 73 36 46 56 24 24 60 50 12 38 93 60 16 91 101 81 54 47 53 79 31 22 4 6 85 28 54
 31 102 94 38 53 95 39 21 27 28 10 60 56 99 52 22 21 74 33 70 77 53 28
 70 38 44 59 23 26 58 53 12 41 89 64 16 96 97 86 52 50 51 84 30 24 4 7 81 30 52
 33 98 100 37 56 91 42 20 29 27 11 58 59 95 55 21 23 71 35 67 82 51 30
 ---------------------
  0.0500000007 50 3 2634
 86 28 65 6 103 60 86 44 25 54 7 83 44 56 17 37 84 13 76 30 4 89 8 0 19 56 75 56
 65 94 19 94 19 36 52 48 57 63 31 27 101 69 38 69 99 76 87 72 19 53
 82 30 62 7 99 64 82 47 24 57 7 88 42 60 17 40 80 14 73 32 4 94 8 1 19 60 72 59
 62 100 19 100 19 38 50 51 55 67 30 29 97 73 37 73 95 81 83 76 19 56
 ---------------------
  0.0500000007 50 4 2840
 98 20 84 52 78 1 6 38 37 69 26 11 71 22 38 89 8 74 99 75 81 60 12 90 59 85 96
 80 27 94 1 41 49 32 84 69 87 21 2 94 103 86 55 21 19 25 103 66 91 77
 94 22 80 55 75 2 6 41 36 73 25 12 68 24 37 94 8 78 95 80 78 64 12 95 57 90 92
 85 26 100 1 44 47 34 80 73 83 23 2 99 99 91 53 23 19 27 99 70 87 82
 ---------------------
  0.0500000007 50 5 2446
 6 13 102 2 53 37 31 33 50 84 45 34 98 83 59 45 37 39 17 26 54 32 16 84 99 18 12
 10 94 94 87 83 78 28 10 90 11 75 77 65 1 8 72 69 45 69 15 60 57 7
 6 14 98 3 51 40 30 35 48 89 43 36 94 88 57 48 36 42 17 28 52 34 16 89 95 20 12
 11 90 100 83 88 75 30 10 95 11 79 74 69 1 9 69 73 43 73 15 64 55 8
 ---------------------
  0.0500000007 50 6 1952
 18 5 16 48 28 74 56 27 63 4 64 56 21 49 80 1 67 5 40 72 27 3 21 78 34 47 33 35
 56 94 68 30 3 24 42 16 40 33 48 37 3 25 89 21 70 18 32 55 24 32
 18 6 16 51 27 78 54 29 60 5 61 60 20 52 77 2 64 6 39 76 26 4 20 83 33 50 32 37
 54 100 65 32 3 26 40 17 39 35 46 39 3 27 85 23 67 19 31 58 23 34
 ---------------------
  0.0500000007 50 7 2758
 31 93 35 94 3 15 81 21 75 19 82 79 48 15 101 53 96 66 64 22 105 70 25 73 74 75
 54 59 18 94 49 72 32 20 73 37 70 86 18 8 5 42 1 69 95 61 49 49 95 56
 30 98 34 99 3 16 78 23 72 21 79 84 46 16 97 56 92 70 61 24 100 74 24 77 71 80
 52 63 18 100 47 76 31 22 70 39 67 91 18 9 5 45 1 73 91 65 47 52 91 60
 ---------------------
  0.0500000007 50 8 2564
 44 85 54 44 82 51 2 16 88 35 101 7 75 75 17 9 21 32 87 68 77 41 29 67 9 9 75 84
 86 94 30 18 61 17 105 57 99 44 94 75 7 59 17 21 15 10 66 43 61 81
 42 90 52 47 79 54 2 17 84 37 97 8 72 80 17 10 20 34 83 72 74 44 28 71 9 10 72
 89 82 100 29 20 59 18 100 61 95 47 90 79 7 63 17 23 15 11 63 46 59 86
 ---------------------
  0.0500000007 50 9 2470
 56 77 73 90 57 87 27 10 100 50 15 30 102 41 38 60 50 93 5 18 50 13 33 61 49 37
 96 14 48 94 11 60 91 13 31 78 24 2 65 46 9 76 34 69 40 54 82 37 28 11
 54 82 70 95 55 92 26 11 96 53 15 32 98 44 37 64 48 98 5 20 48 14 32 65 47 40 92
 15 46 100 11 64 87 14 30 83 23 3 62 49 9 81 33 73 39 57 79 40 27 12
 ---------------------
  0.0500000007 50 10 2276
 69 70 92 40 32 28 52 4 8 65 34 53 25 7 59 17 79 58 28 64 23 79 37 56 89 66 12
 38 10 94 97 7 15 9 63 4 53 56 35 18 11 94 51 21 66 2 99 32 99 36
 66 74 88 43 31 30 50 5 8 69 33 56 24 8 57 18 76 62 27 68 22 84 36 59 85 70 12
 41 10 100 93 8 15 10 60 5 51 59 34 19 11 99 49 23 63 3 95 34 95 38
 ---------------------
  0.0500000007 75 1 4381
 102 61 84 51 87 76 16 87 85 64 99 60 36 31 94 33 94 53 58 72 53 51 54 22 13 75
 63 46 81 77 105 0 94 46 6 31 105 42 57 67 30 7 29 92 25 86 47 37 90 76 3 57 60
 81 18 93 79 30 51 48 86 68 39 10 42 83 38 37 10 94 95 48 74 72 77
 98 65 80 54 83 81 16 92 81 68 95 64 35 33 90 35 90 56 56 76 51 54 52 24 13 79
 60 49 78 82 100 1 90 49 6 33 100 45 55 71 29 8 28 97 24 91 45 40 86 81 3 61 58
 86 18 98 76 32 49 51 82 72 38 11 40 88 37 39 10 100 91 51 71 76 74
 ---------------------
  0.0500000007 75 2 3462
 22 8 67 4 7 78 12 23 60 46 10 15 18 91 64 33 54 66 69 35 60 4 100 17 12 91 32 3
 99 35 51 45 2 13 95 3 87 22 81 15 105 81 2 89 75 88 81 18 65 94 53 75 86 78 8
 70 8 48 15 3 1 84 50 40 52 23 15 23 26 65 60 31 9 63 91
 21 9 64 5 7 83 12 25 58 49 10 16 18 96 61 35 52 70 66 37 58 5 96 18 12 96 31 4
 95 37 49 48 2 14 91 4 83 24 78 16 100 86 2 94 72 93 78 20 62 100 51 80 82 83 8
 74 8 51 15 4 1 89 48 43 50 25 15 25 25 69 58 33 9 67 87
 ---------------------
  0.0500000007 75 3 3843
 46 50 50 53 32 80 8 55 36 28 26 64 1 56 33 33 14 79 79 93 68 53 42 11 11 12 2
 56 12 87 102 90 14 75 79 71 69 2 1 57 74 60 79 86 21 90 11 94 39 18 103 94 6 75
 102 47 42 66 85 54 21 5 60 71 63 58 97 10 42 36 26 14 49 55 105
 44 53 48 56 31 85 8 58 35 30 25 68 1 59 32 35 14 84 76 98 65 56 40 12 11 13 2
 59 12 92 98 95 14 79 76 75 66 3 1 61 71 64 76 91 20 95 11 100 38 19 99 99 6 80
 98 50 40 70 81 57 20 6 58 75 60 62 93 11 40 38 25 15 47 58 100
 ---------------------
  0.0500000007 75 4 3724
 70 92 33 6 57 82 4 86 12 10 42 18 88 20 3 33 79 93 90 56 75 6 88 5 10 28 76 13
 30 44 49 39 27 41 64 43 51 77 25 5 44 39 52 83 71 92 46 75 14 36 49 17 31 73 92
 24 75 84 49 9 40 21 71 6 73 94 74 92 57 6 96 92 89 46 13
 67 97 32 7 55 87 4 91 12 11 40 20 84 22 3 35 76 98 86 59 72 7 84 6 10 30 73 14
 29 47 47 42 26 44 61 46 49 82 24 6 42 42 50 88 68 97 44 80 14 38 47 18 30 77 88
 26 72 89 47 10 39 23 68 7 70 99 71 97 55 7 92 97 85 49 13
 ---------------------
  0.0500000007 75 5 4005
 94 38 16 55 82 84 105 22 93 87 57 68 70 80 77 33 39 11 100 18 82 55 29 94 9 44
 46 65 48 1 100 84 39 8 48 16 33 57 49 48 13 18 25 80 16 94 80 56 94 54 99 35 56
 70 81 1 4 7 13 59 60 37 81 37 84 34 51 78 73 72 61 75 24 37 27
 90 41 16 58 79 89 100 24 89 92 55 72 67 85 74 35 38 12 96 20 79 58 28 100 9 47
 44 69 46 2 96 89 38 9 46 17 32 61 47 51 13 20 24 85 16 99 77 60 90 57 95 37 54
 74 78 2 4 8 13 63 58 40 78 39 80 36 49 83 70 76 59 79 23 40 26
 ---------------------
  0.0500000007 75 6 4186
 13 80 105 8 3 86 100 54 69 69 73 22 52 45 47 33 105 24 6 76 90 8 75 89 8 60 15
 22 66 54 47 34 52 70 32 83 15 37 73 91 88 93 102 77 67 0 10 37 69 72 45 53 81
 67 71 74 37 25 82 15 80 54 92 67 94 69 28 65 89 42 27 57 64 29 40
 13 85 100 9 3 91 96 57 66 73 70 24 50 48 45 35 100 26 6 81 86 9 72 94 8 64 15
 24 63 57 45 36 50 74 31 88 15 40 70 96 84 98 98 82 64 1 10 40 66 76 43 56 78 71
 68 78 36 27 79 16 77 57 88 71 90 73 27 69 85 45 26 61 61 31 39
 ---------------------
  0.0500000007 75 7 4167
 37 27 88 56 28 88 96 85 45 51 89 72 34 10 16 33 65 37 16 39 97 56 16 83 7 76 90
 75 84 11 98 78 65 37 16 56 102 18 97 38 57 72 75 75 12 2 45 18 44 90 95 71 2 64
 60 51 71 43 47 65 100 70 102 2 105 9 5 52 105 13 97 40 103 20 54
 36 29 84 60 27 93 92 90 43 54 85 76 33 11 16 35 62 40 16 42 93 60 16 88 7 81 86
 79 80 12 94 83 62 39 16 59 98 19 93 41 55 76 72 79 12 3 43 20 42 95 91 75 2 68
 58 54 68 46 45 69 96 74 98 3 100 10 5 55 100 14 93 43 99 22 52
 ---------------------
  0.0500000007 75 8 3648
 61 69 71 10 53 90 92 21 21 33 105 26 16 70 91 33 25 51 27 2 105 10 63 77 6 93
 59 32 101 63 45 28 77 3 1 28 85 93 16 81 27 51 48 72 63 4 79 94 18 13 40 89 27
 61 50 28 105 61 11 20 15 86 8 33 10 44 87 38 15 78 63 23 38 12 68
 59 73 68 11 51 95 88 23 20 35 100 28 16 74 87 35 24 54 26 3 100 11 60 82 6 98
 57 34 97 67 43 30 74 4 1 30 81 98 16 86 26 54 46 76 60 5 76 100 18 14 39 94 26
 65 48 30 100 65 11 22 15 91 8 35 10 47 83 41 15 83 60 25 37 13 65
 ---------------------
  0.0500000007 75 9 3729
 86 16 54 58 78 92 88 53 101 15 15 75 103 35 60 33 90 64 37 60 7 58 4 72 5 14 29
 84 14 20 96 73 90 65 90 0 67 73 40 29 101 30 21 69 8 6 9 75 98 31 91 12 52 58
 39 5 33 79 80 71 35 7 18 63 21 79 64 25 31 49 28 6 78 3 81
 82 17 52 62 75 97 84 56 97 16 15 80 99 37 58 35 86 68 36 64 7 62 4 76 5 15 28
 89 14 22 92 77 86 69 86 1 64 77 39 31 97 32 20 73 8 7 9 80 94 33 87 13 50 62 38
 6 32 84 77 75 34 8 18 67 20 84 61 27 30 52 27 7 75 4 78
 ---------------------
  0.0500000007 75 10 3910
 5 57 37 12 103 94 84 84 77 92 31 30 86 94 30 33 50 77 48 23 14 12 50 66 4 30
 103 41 32 73 43 22 102 32 74 68 49 53 65 72 71 9 98 66 58 8 44 56 73 49 36 30
 77 56 29 77 67 2 45 26 55 23 29 94 31 19 40 12 47 19 98 84 13 90 95
 5 61 36 13 99 99 80 89 74 97 30 32 82 100 29 35 48 82 46 25 14 13 48 70 4 32 99
 44 31 77 41 24 98 34 71 72 47 56 62 76 68 10 94 70 56 9 42 60 70 52 35 32 74 59
 28 82 64 3 43 28 53 25 28 99 30 21 39 13 45 21 94 89 13 95 91
 ---------------------
  0.0500000007 100 1 4505
 19 32 69 80 50 85 21 4 74 1 57 10 8 52 10 63 66 0 15 21 84 42 17 69 47 82 6 15
 78 54 103 12 67 15 13 69 45 37 99 33 29 57 25 70 7 39 18 13 54 51 21 38 27 20
 58 6 74 48 76 72 50 76 11 35 78 90 92 33 51 65 52 47 52 58 4 37 21 91 18 37 17
 53 46 94 10 18 3 26 44 18 90 8 96 25 90 75 12 59 74 64
 19 34 66 85 48 90 20 5 71 2 55 11 8 55 10 67 63 1 15 23 80 45 17 73 45 87 6 16
 75 57 99 13 64 16 13 73 43 40 95 35 28 61 24 74 7 42 18 14 52 54 20 41 26 22 56
 7 71 51 73 76 48 81 11 37 75 95 88 35 49 69 50 50 50 62 4 40 20 96 18 39 17 56
 44 100 10 19 3 28 42 19 86 9 92 27 86 79 12 63 71 68
 ---------------------
  0.0500000007 100 2 5385
 87 24 102 76 71 55 100 92 61 5 49 63 92 29 94 78 70 46 36 14 37 19 1 57 30 67
 44 11 49 19 82 46 16 64 64 46 61 75 36 94 54 54 79 43 11 89 39 55 67 32 21 84
 98 24 71 33 11 29 22 18 105 16 66 57 57 86 96 40 22 92 48 9 90 1 100 45 29 72
 98 90 64 11 96 26 23 59 91 53 14 67 60 16 63 37 56 40 75 71 53 60
 83 26 98 81 68 58 96 97 59 6 47 67 88 31 90 83 67 49 35 15 36 21 1 61 29 71 42
 12 47 21 79 49 16 68 61 49 59 80 35 99 52 57 76 46 11 94 38 58 64 34 20 89 94
 26 68 35 11 31 21 20 100 17 63 61 55 91 92 43 21 97 46 10 86 2 96 48 28 76 94
 95 61 12 92 28 22 63 87 56 14 71 58 17 60 39 54 43 72 75 51 64
 ---------------------
  0.0500000007 100 3 4965
 49 17 31 73 92 24 75 84 49 9 40 21 71 6 73 94 74 92 57 6 96 92 89 46 13 52 81 7
 19 80 61 80 71 18 9 23 78 18 78 59 79 50 29 17 15 43 60 1 79 13 21 35 65 28 84
 59 53 10 72 60 54 50 15 80 36 82 100 48 97 23 44 66 23 39 92 53 37 53 73 48 5
 64 42 53 35 6 74 79 90 21 31 23 29 48 23 6 33 82 32 56
 47 18 30 77 88 26 72 89 47 10 39 23 68 7 70 99 71 97 55 7 92 97 85 49 13 55 78
 8 19 85 59 85 68 20 9 25 75 20 75 63 76 53 28 18 15 46 58 2 76 14 20 37 62 30
 80 63 51 11 69 64 52 53 15 85 35 87 96 51 93 25 42 70 22 42 88 56 36 56 70 51 5
 68 40 56 34 7 71 84 86 23 30 25 28 51 22 7 32 87 31 60
 ---------------------
  0.0500000007 100 4 5445
 11 9 65 69 8 89 50 76 36 13 32 75 50 78 52 14 78 42 78 94 50 69 72 35 101 37 14
 3 95 46 40 19 21 68 59 0 95 56 15 25 105 46 84 85 19 93 81 43 92 89 21 80 31 32
 96 86 95 86 17 7 4 84 70 8 15 78 105 56 68 50 39 28 60 77 84 60 46 34 48 6 51
 22 92 79 48 48 57 11 60 71 2 31 100 59 94 67 96 94 11 53
 11 10 62 73 8 94 48 81 35 14 31 79 48 83 50 15 75 45 75 99 48 73 69 37 97 39 14
 4 91 49 39 21 20 72 57 1 91 60 15 27 100 49 80 90 19 98 78 46 88 94 20 85 30 34
 92 91 91 91 17 8 4 89 67 9 15 83 100 59 65 53 38 30 58 82 80 64 44 36 46 7 49
 24 88 84 46 51 55 12 58 75 2 33 96 63 90 71 92 99 11 56
 ---------------------
  0.0500000007 100 5 5125
 78 1 98 65 29 58 25 69 24 17 24 33 29 56 31 29 82 88 99 86 4 46 55 23 85 21 52
 94 66 12 19 54 75 22 5 73 7 94 57 86 25 42 33 58 24 47 102 85 105 70 21 31 102
 36 4 18 32 67 68 49 58 23 19 31 99 75 4 63 38 76 35 85 98 20 75 68 54 15 23 59
 97 75 37 11 60 90 40 37 31 25 77 38 67 71 60 33 54 10 95 49
 75 2 94 69 28 62 24 73 23 18 23 35 28 59 30 31 79 93 95 91 4 49 53 25 81 23 50
 100 63 13 19 57 72 24 5 77 7 100 55 91 24 45 32 62 23 50 98 90 100 74 20 33 98
 38 4 19 31 71 65 52 56 25 19 33 95 79 4 67 37 81 34 90 94 22 72 72 52 16 22 63
 93 80 36 12 58 95 39 40 30 27 74 41 64 75 58 35 52 11 91 52
 ---------------------
  0.0500000007 100 6 4905
 40 89 27 61 50 28 105 61 11 20 15 86 8 33 10 44 87 38 15 78 63 23 38 12 68 6 90
 91 36 73 103 88 25 72 55 50 24 37 99 52 50 38 88 32 28 1 18 32 12 51 21 76 69
 39 16 44 74 48 13 91 8 57 74 54 78 71 8 71 9 8 31 47 31 58 67 75 63 91 102 18
 38 34 88 37 73 37 24 64 2 75 48 46 33 82 27 94 12 21 74 45
 39 94 26 65 48 30 100 65 11 22 15 91 8 35 10 47 83 41 15 83 60 25 37 13 65 7 86
 96 35 77 99 93 24 76 53 53 23 40 95 55 48 41 84 34 27 2 18 34 12 54 20 81 66 42
 16 47 71 51 13 96 8 61 71 57 75 75 8 75 9 9 30 50 30 62 64 80 60 96 98 19 37 36
 84 40 70 39 23 68 2 79 46 49 32 87 26 99 12 23 71 48
 ---------------------
  0.0500000007 100 7 5185
 3 81 60 57 71 93 79 54 103 24 7 44 92 10 94 59 91 84 36 71 16 0 22 0 51 86 23
 87 7 38 82 27 79 26 1 27 40 75 36 18 75 35 37 5 32 51 39 74 25 32 21 27 35 43
 29 71 11 29 64 37 63 92 24 76 57 67 12 78 85 35 27 9 69 1 58 83 71 72 77 71 85
 87 33 64 86 78 7 91 77 29 18 54 105 94 98 59 75 33 53 41
 3 86 58 61 68 98 76 57 99 26 7 47 88 11 90 63 87 89 35 75 16 1 21 1 49 91 22 92
 7 41 79 29 76 28 1 29 39 80 35 19 72 37 36 6 31 54 38 78 24 34 20 29 34 46 28
 75 11 31 61 40 60 97 23 81 55 71 12 83 81 37 26 10 66 2 56 88 68 76 74 75 81 92
 32 68 82 83 7 96 74 31 18 57 100 99 94 63 72 35 51 44
 ---------------------
  0.0500000007 100 8 5265
 70 74 94 54 92 62 54 46 91 28 103 2 71 82 73 75 95 35 57 63 75 73 5 84 34 71 60
 83 82 4 61 61 29 75 51 4 57 18 78 78 100 31 92 74 36 5 60 20 37 13 21 73 2 47
 42 2 53 10 9 79 12 31 78 4 36 63 16 86 55 61 23 66 2 39 50 91 79 53 52 29 26 45
 84 91 98 25 95 22 48 78 94 61 71 10 65 25 33 44 32 37
 67 78 90 57 88 66 52 49 87 30 99 3 68 87 70 79 91 37 55 67 72 77 5 89 33 75 58
 88 79 5 59 65 28 80 49 5 55 20 75 83 96 33 88 78 35 6 58 22 36 14 20 77 2 50 40
 3 51 11 9 84 12 33 75 5 35 67 16 91 53 65 22 70 2 42 48 96 76 56 50 31 25 48 80
 96 94 27 91 24 46 83 90 65 68 11 62 27 32 47 31 40
 ---------------------
  0.0500000007 100 9 5145
 32 66 23 50 8 32 29 38 78 32 95 56 50 59 52 90 99 80 78 56 29 50 93 73 17 56 98
 79 53 65 40 0 84 30 101 76 74 56 15 44 21 27 42 47 40 55 81 62 50 89 21 23 73
 51 54 29 95 86 59 26 67 65 28 27 15 59 21 94 26 88 18 28 39 77 42 3 88 34 27 82
 72 3 29 22 6 67 78 49 18 33 65 69 37 21 31 86 96 56 11 34
 31 70 22 53 8 34 28 41 75 34 91 59 48 63 50 95 95 85 75 59 28 53 89 77 17 59 94
 84 51 69 39 1 80 32 97 81 71 60 15 47 20 29 40 50 39 58 78 66 48 94 20 25 70 54
 52 31 91 91 57 28 64 69 27 29 15 63 20 99 25 93 18 30 38 82 40 4 84 36 26 87 69
 4 28 24 6 71 75 52 18 35 62 73 36 23 30 91 92 59 11 36
 ---------------------
  0.0500000007 100 10 4825
 99 58 56 46 29 1 4 31 66 36 87 14 29 37 31 10 103 31 99 48 88 27 76 61 1 40 31
 75 24 31 19 35 33 79 47 54 91 94 57 10 46 23 96 20 45 9 102 9 63 70 21 69 39 55
 67 56 32 67 5 68 16 4 82 50 99 56 25 6 101 19 14 85 77 20 33 11 96 15 2 40 13
 56 79 49 18 14 61 75 94 82 35 76 4 33 102 52 54 67 95 30
 95 62 54 49 28 2 4 33 63 38 83 15 28 39 30 11 99 33 95 51 84 29 73 65 1 43 30
 80 23 33 19 37 32 84 45 57 87 100 55 11 44 25 92 22 43 10 98 10 60 74 20 73 38
 58 64 59 31 71 5 72 16 5 79 53 95 59 24 7 97 21 14 90 74 22 32 12 92 16 2 43 13
 60 76 52 18 15 59 80 90 87 34 81 4 35 98 55 52 71 91 32
 ---------------------
  0.0500000007 150 1 7789
 88 7 40 2 75 0 102 35 37 4 43 92 65 3 88 24 33 90 43 48 97 70 101 0 97 39 80 77
 79 1 73 81 58 31 39 6 88 2 103 12 103 4 47 56 68 5 42 32 13 58 72 91 95 85 102
 94 55 6 69 62 18 91 40 22 7 35 55 2 42 75 91 94 87 75 87 93 88 7 4 90 94 67 17
 10 89 71 50 31 28 1 57 77 67 19 28 0 24 62 81 64 24 31 32 18 76 94 84 76 6 22
 54 19 85 61 12 35 34 18 102 6 15 83 27 69 59 52 72 61 8 80 19 3 3 76 46 66 95
 50 105 46 45 28 37 19 92 64 59 87 68 69
 84 8 39 3 72 1 98 37 36 5 41 97 62 4 84 26 32 95 41 51 93 74 97 1 93 42 77 82
 76 2 70 86 56 33 38 7 84 3 99 13 99 5 45 60 65 6 40 34 13 62 69 96 91 90 98 99
 53 7 66 66 18 96 39 24 7 37 53 3 40 79 87 99 83 80 83 98 84 8 4 95 90 71 17 11
 85 75 48 33 27 2 55 82 64 21 27 1 23 66 78 68 23 33 31 19 73 99 80 81 6 24 52
 21 81 65 12 37 33 19 98 7 15 88 26 73 57 55 69 65 8 85 19 4 3 81 44 70 91 53
 100 49 43 30 36 21 88 68 57 92 65 73
 ---------------------
  0.0500000007 150 2 8324
 93 31 51 45 44 76 102 82 53 37 22 58 23 46 51 53 44 42 90 19 39 13 59 91 24 11
 96 6 32 11 5 43 16 88 55 68 72 64 46 21 46 33 89 28 10 29 15 46 76 73 88 91 53
 75 60 41 18 54 100 67 13 29 46 27 101 82 81 88 42 18 44 89 76 9 39 40 67 74 40
 75 99 34 12 57 105 71 3 83 101 63 99 73 30 24 86 48 66 72 97 64 71 36 11 89 87
 46 89 86 85 79 44 29 64 28 80 35 3 18 50 44 26 2 1 69 54 4 88 75 29 85 61 70
 102 53 40 61 79 78 89 60 76 80 43 48 45 88 80 54 78 74
 89 33 49 48 42 81 98 87 51 40 21 62 22 49 49 56 42 45 86 21 38 14 57 96 23 12
 92 7 31 12 5 46 16 93 53 72 69 68 44 23 44 35 85 30 10 31 15 49 73 77 84 96 51
 80 58 44 18 57 96 71 13 31 44 29 97 87 78 93 40 19 42 94 73 10 38 43 64 78 39
 80 95 36 12 61 100 75 3 88 97 67 95 77 29 26 82 51 63 76 93 68 68 38 11 94 83
 49 85 91 81 84 42 31 61 30 77 37 3 19 48 47 25 3 1 73 52 5 84 80 28 90 59 74 98
 56 39 65 76 83 85 64 73 85 41 51 43 93 77 57 75 78
 ---------------------
  0.0500000007 150 3 8459
 98 55 61 88 12 57 102 35 69 71 1 25 86 89 14 81 54 90 32 86 87 51 17 86 55 77 7
 30 90 20 42 5 79 50 71 35 56 31 93 31 93 61 26 94 57 53 94 60 34 87 103 91 11
 66 18 84 87 6 27 72 8 62 51 32 91 35 3 78 42 56 101 84 66 37 97 83 46 45 77 61
 105 0 7 10 15 71 60 40 70 30 36 68 98 29 38 0 3 81 8 64 13 40 95 65 97 94 94 0
 58 41 33 38 43 90 44 35 76 18 102 82 36 17 79 69 49 52 103 90 50 90 103 41 97
 29 35 56 64 12 73 75 3 37 48 76 102 17 101 20 89 78
 94 58 59 93 12 61 98 37 66 75 1 27 82 94 14 86 52 95 31 91 83 54 17 91 53 82 7
 32 86 22 40 6 76 53 68 37 54 33 89 33 89 65 25 100 55 56 90 64 33 92 99 96 11
 70 18 89 83 7 26 76 8 66 49 34 87 37 3 83 40 59 97 89 63 40 93 88 44 48 74 65
 100 1 7 11 15 75 58 43 67 32 35 72 94 31 37 1 3 86 8 68 13 43 91 69 93 99 90 1
 56 44 32 41 41 95 42 37 73 19 98 87 35 18 76 73 47 55 99 95 48 95 99 44 93 31
 34 60 61 13 70 79 3 40 46 81 98 18 97 22 85 83
 ---------------------
  0.0500000007 150 4 7894
 103 78 72 36 86 38 102 82 85 9 85 87 44 37 82 15 65 42 79 57 29 89 80 81 87 49
 23 54 43 30 78 62 37 12 87 1 40 93 35 40 35 90 68 66 105 76 68 75 97 6 14 91 74
 56 81 32 50 54 58 76 3 0 56 37 80 82 29 69 42 94 54 79 55 66 50 31 25 17 9 47 5
 62 2 57 31 71 13 93 38 92 78 63 61 34 96 48 45 91 24 64 60 45 74 41 3 46 99 10
 32 3 23 48 22 56 7 35 45 18 50 25 47 31 53 69 44 4 14 9 71 94 40 13 92 5 30 52
 48 40 57 89 34 90 53 10 55 40 17 82 99 83
 99 83 69 38 82 41 98 87 81 10 81 92 42 39 79 16 62 45 76 61 28 94 77 86 83 52
 22 57 41 32 75 66 36 13 83 2 39 98 34 43 34 95 65 70 100 81 65 79 93 7 14 96 71
 60 78 34 48 57 56 81 3 1 54 39 77 87 28 73 40 99 52 84 53 70 48 33 24 18 9 50 5
 66 2 61 30 75 13 98 37 97 75 67 59 36 92 51 43 96 23 68 58 48 71 44 3 49 95 11
 31 4 22 51 21 60 7 37 43 19 48 27 45 33 51 73 42 5 14 10 68 100 39 14 88 6 29
 55 46 43 55 94 33 95 51 11 53 43 17 87 95 88
 ---------------------
  0.0500000007 150 5 7229
 4 7 82 78 54 19 102 35 100 42 64 54 2 79 46 43 75 90 22 29 76 32 38 76 13 20 38
 77 100 39 10 24 100 69 102 63 25 59 82 50 82 23 5 37 47 5 42 89 55 20 30 91 32
 47 39 75 13 6 90 81 102 34 61 41 70 35 55 59 42 37 7 75 45 94 3 74 4 83 46 33
 10 29 101 10 47 71 71 50 7 58 15 58 25 38 49 0 87 5 39 64 3 50 53 18 13 94 105
 19 6 60 12 57 1 23 75 35 13 18 102 63 57 45 27 69 38 52 30 23 92 4 82 79 87 76
 25 47 32 69 42 8 66 47 58 38 8 64 38 49 5 88
 4 8 79 83 52 21 98 37 96 45 61 57 2 84 44 46 72 95 21 31 73 34 37 81 13 22 37
 82 96 42 10 26 96 73 98 67 24 63 79 53 79 25 5 40 45 6 40 94 53 22 29 96 31 50
 38 79 13 7 86 86 98 36 59 44 67 37 53 63 40 39 7 79 43 100 3 78 4 88 44 35 10
 31 97 11 45 75 68 53 7 62 15 62 24 41 47 1 83 6 38 68 3 53 51 19 13 99 100 21 6
 64 12 61 1 25 72 37 13 19 98 67 55 48 26 73 37 55 29 25 88 5 79 84 83 81 24 50
 31 73 40 9 63 50 56 41 8 68 37 52 5 93
 ---------------------
  0.0500000007 150 6 7164
 9 31 93 26 23 0 102 82 11 75 43 20 65 27 9 72 86 42 69 0 18 70 101 72 45 87 54
 6 53 49 47 81 58 31 13 30 9 26 25 59 25 52 47 9 94 29 15 8 13 35 46 91 95 37
 102 22 81 54 16 86 97 67 67 46 59 82 81 50 42 75 65 70 34 28 60 21 88 55 82 18
 15 91 96 57 63 71 24 7 80 25 57 54 93 43 2 48 24 15 55 64 50 55 32 89 24 46 5
 29 85 22 2 67 85 85 38 35 87 18 50 6 68 59 1 69 33 4 46 37 8 9 19 51 81 53 19
 42 16 2 26 22 97 4 64 67 66 88 59 16 15 93
 9 33 89 28 22 1 98 87 11 80 41 22 62 29 9 76 82 45 66 1 18 74 97 76 43 92 52 7
 51 52 45 86 56 33 13 32 9 28 24 63 24 55 45 10 90 31 15 9 13 37 44 96 91 40 98
 24 78 57 16 91 93 71 64 49 57 87 78 53 40 79 62 74 33 30 58 23 84 58 79 20 15
 96 92 61 60 75 23 8 77 27 55 57 89 46 2 51 23 16 53 68 48 58 31 94 23 49 5 31
 81 24 2 71 81 90 37 37 83 19 48 7 65 63 1 73 32 5 44 40 8 10 19 54 78 56 19 45
 16 3 25 24 93 5 61 71 63 93 57 17 15 98
 ---------------------
  0.0500000007 150 7 7799
 14 55 103 69 96 76 102 35 27 14 22 82 23 70 77 5 96 90 11 67 66 13 59 67 76 58
 70 30 6 58 84 43 16 88 29 92 98 88 72 69 72 80 89 75 36 53 94 22 76 49 61 91 53
 28 60 65 45 6 48 91 92 5 72 51 49 35 3 40 42 18 17 65 24 56 13 64 67 26 14 4 21
 57 91 10 78 71 81 59 49 87 99 49 56 48 59 0 66 24 71 64 97 59 11 65 34 94 10 38
 58 79 96 76 64 52 2 35 55 18 102 44 78 74 79 69 28 52 61 52 29 14 61 22 76 29
 14 37 1 31 10 37 24 56 69 0 18 17 80 77 26 2
 14 58 99 73 92 81 98 37 26 15 21 87 22 74 74 6 92 95 11 71 63 14 57 71 73 62 67
 32 6 62 80 46 16 93 28 97 94 93 69 73 69 85 85 80 35 56 90 24 73 52 59 96 51 30
 58 69 43 7 46 96 88 6 69 54 47 37 3 43 40 19 17 69 23 60 13 68 64 28 14 5 20 61
 87 11 75 75 78 63 47 92 95 52 54 51 57 1 63 26 68 68 93 63 11 69 33 99 10 41 56
 84 92 81 61 55 2 37 53 19 98 47 75 78 76 73 27 55 59 55 28 15 59 24 73 31 14 40
 1 33 10 39 23 60 66 1 18 18 77 82 25 3
 ---------------------
  0.0500000007 150 8 7334
 19 78 9 17 65 57 102 82 43 47 1 49 86 18 40 34 2 42 58 38 8 51 17 62 3 30 86 54
 64 68 15 5 79 50 45 58 82 55 14 78 14 14 26 47 84 76 68 37 34 63 77 91 11 18 18
 13 8 54 79 0 87 38 77 56 38 82 29 31 42 56 75 60 13 85 71 12 46 93 51 85 26 24
 86 57 94 71 34 17 17 54 36 44 19 53 12 48 3 34 87 64 39 64 95 41 45 46 15 48 32
 41 86 86 43 18 70 35 24 18 50 82 89 88 53 69 23 4 77 66 50 18 103 89 71 5 9 33
 90 59 99 51 55 14 74 29 76 40 101 44 36 7
 19 83 9 18 62 61 98 87 41 50 1 52 82 19 39 36 2 45 56 41 8 54 17 66 3 32 82 57
 61 72 15 6 76 53 43 62 79 58 14 83 14 15 25 50 80 81 65 39 33 67 74 96 11 20 18
 14 8 57 76 1 83 41 74 59 37 87 28 33 40 59 72 64 13 90 68 13 44 98 49 90 25 26
 82 61 90 75 33 18 17 57 35 47 19 56 12 51 3 36 83 68 38 68 91 44 43 49 15 51 31
 44 82 91 41 20 67 37 23 19 48 87 85 93 51 73 22 5 74 70 48 20 99 94 68 6 9 35
 86 63 95 54 53 15 71 31 73 43 97 47 35 8
 ---------------------
  0.0500000007 150 9 7669
 25 7 19 59 33 38 102 35 58 80 85 16 44 60 4 62 12 90 1 10 55 89 80 57 34 1 101
 77 16 77 52 62 37 12 60 25 67 21 61 88 61 42 68 18 26 5 42 51 97 77 93 91 74 9
 81 56 76 6 6 5 81 72 82 60 28 35 55 21 42 94 28 56 3 18 24 55 25 64 88 71 31 86
 80 10 5 71 92 69 91 20 78 39 88 57 70 0 45 43 102 64 87 69 74 18 55 94 21 57 6
 3 75 0 22 80 33 35 97 18 102 25 99 7 27 69 17 52 93 80 71 23 40 60 66 76 4 28
 74 88 84 65 87 66 79 57 29 64 17 11 47 12
 24 8 19 63 32 41 98 37 56 85 81 17 42 64 4 66 12 95 1 11 53 94 77 61 33 2 97 82
 16 82 50 66 36 13 58 27 64 23 59 93 59 45 65 20 25 6 40 54 93 82 89 96 71 10 78
 59 73 7 6 6 78 76 79 64 27 37 53 23 40 99 27 59 3 20 23 58 24 68 84 75 30 91 77
 11 5 75 88 73 87 22 75 42 84 61 67 1 43 46 98 68 83 73 71 19 53 99 20 61 6 4 72
 1 21 85 32 37 93 19 98 27 95 8 26 73 17 55 89 85 68 25 39 64 63 81 4 30 71 93
 80 69 83 70 76 61 28 68 17 12 45 13
 ---------------------
  0.0500000007 150 10 7504
 30 31 30 7 2 19 102 82 74 18 64 77 2 8 72 91 23 42 48 76 102 32 38 53 66 68 12
 6 74 87 89 24 100 69 76 87 51 83 4 2 4 71 5 85 73 29 15 65 55 92 4 91 32 94 39
 3 39 54 37 10 76 10 88 65 17 82 81 12 42 37 86 51 97 47 81 2 4 36 19 56 36 53
 75 57 21 71 45 26 59 82 15 35 51 62 23 48 87 53 13 64 29 74 53 89 66 46 26 67
 85 60 65 10 1 47 101 35 66 18 50 63 5 21 1 69 12 4 4 94 92 28 82 32 60 53 103
 23 58 21 68 79 13 23 85 86 87 88 38 73 57 17
 29 33 29 8 2 21 98 87 71 20 61 82 2 9 69 96 22 45 46 81 98 34 37 56 63 72 12 7
 71 92 85 26 96 73 73 92 49 88 4 3 4 75 5 90 70 31 15 69 53 97 4 96 31 100 38 4
 38 57 36 11 73 11 84 69 17 87 78 13 40 39 82 54 93 50 78 3 4 38 19 60 35 56 72
 61 20 75 43 28 57 87 15 37 49 66 22 51 83 56 13 68 28 78 51 94 63 49 25 71 81
 64 62 11 1 50 97 37 63 19 48 67 5 23 1 73 12 5 4 100 88 30 79 34 58 56 99 25 56
 23 65 84 13 25 81 91 83 93 37 77 55 18
 ---------------------
  0.0500000007 200 1 10599
 75 51 7 70 78 8 43 78 1 53 52 40 17 93 68 35 28 94 29 52 59 86 64 50 58 23 12
 83 96 81 49 93 86 91 24 46 92 75 101 11 93 19 101 25 103 12 22 4 7 51 42 41 59
 91 65 71 76 11 54 25 23 59 91 85 71 28 49 86 105 50 17 21 97 71 16 13 36 62 96
 77 55 0 38 62 68 80 12 88 30 89 3 93 84 42 100 63 30 21 12 81 82 53 14 24 2 37
 8 87 33 74 67 76 88 56 26 23 88 40 99 1 2 23 84 14 78 58 10 64 77 73 7 41 36 14
 19 69 18 75 44 38 2 66 103 26 97 75 19 62 74 33 60 58 52 34 84 34 23 94 8 28 24
 28 53 87 80 90 87 54 70 44 7 18 76 57 47 38 79 42 37 37 43 10 64 42 57 74 98 41
 40 23 95 58 13 91 36 79 102 37 88 50
 72 54 7 74 75 9 41 83 1 56 50 43 17 98 65 37 27 99 28 55 57 91 61 53 56 25 12
 88 92 86 47 98 82 96 23 49 88 79 97 12 89 21 97 27 99 13 21 5 7 54 40 44 57 96
 62 75 73 12 52 27 22 63 87 90 68 30 47 91 100 53 17 23 93 75 16 14 35 66 92 82
 53 1 37 66 65 85 12 93 29 94 3 98 80 45 96 67 29 23 12 86 79 56 14 26 2 40 8 92
 32 78 64 81 84 59 25 25 84 43 95 2 2 25 80 15 75 62 10 68 74 77 7 44 35 15 19
 73 18 79 42 41 2 70 99 28 93 79 19 66 71 35 58 62 50 36 80 36 22 100 8 30 23 30
 51 92 77 95 83 57 67 47 7 19 73 61 45 41 76 45 36 40 41 11 61 45 55 78 94 44 39
 25 91 62 13 96 35 84 98 39 84 53
 ---------------------
  0.0500000007 200 2 10313
 69 75 66 3 91 65 7 90 74 45 39 71 34 91 87 35 95 75 8 40 9 8 74 31 52 42 73 24
 100 87 15 58 58 81 101 21 73 33 82 85 68 63 66 59 68 78 5 78 61 37 86 51 47 7
 35 4 26 74 8 61 105 69 17 77 88 68 13 67 33 0 34 8 22 65 65 53 68 60 105 43 22
 88 19 30 97 40 48 71 3 24 11 94 4 75 60 54 49 90 2 9 19 39 88 13 21 85 37 13 16
 87 63 48 79 78 57 0 73 37 26 26 27 18 73 21 87 87 27 7 52 69 22 49 51 8 91 67
 18 35 81 88 77 7 53 72 1 88 32 77 101 63 33 37 48 28 94 64 98 72 29 47 76 94 38
 22 19 50 1 0 87 59 74 84 45 56 101 82 77 38 35 15 103 48 85 0 1 20 16 24 95 33
 74 17 57 15 24 81 69 88 84 14
 66 80 63 4 87 69 7 95 71 48 38 75 33 96 83 37 91 79 8 43 9 9 71 33 50 45 70 26
 96 92 15 62 56 86 97 23 70 35 79 90 65 67 63 63 65 83 5 83 59 40 82 54 45 8 34
 5 25 78 8 65 100 73 17 82 84 72 13 71 32 1 33 9 21 69 62 56 65 64 100 46 21 93
 19 32 93 43 46 75 3 26 11 100 4 79 58 57 47 95 2 10 19 42 84 14 20 90 36 14 16
 92 60 51 76 83 55 1 70 39 25 28 26 19 70 23 83 92 26 8 50 73 21 52 49 9 87 71
 18 37 78 93 74 8 51 76 1 93 31 82 97 67 32 40 46 30 90 68 94 76 28 50 73 100 37
 24 19 53 1 1 83 63 71 89 43 59 97 87 74 41 34 16 99 51 81 1 1 22 16 26 91 35 71
 18 55 16 23 86 66 93 80 15
 ---------------------
  0.0500000007 200 3 9827
 63 5 19 32 103 27 76 6 43 37 27 6 51 89 1 35 57 56 92 29 64 25 85 12 46 61 29
 60 105 93 87 24 31 72 74 92 54 86 64 64 43 12 30 94 32 50 93 57 11 24 25 60 34
 18 6 33 80 41 67 2 81 78 49 70 105 13 82 48 67 46 51 90 51 59 8 93 99 58 8 9 93
 80 1 93 22 0 84 54 80 55 19 1 29 12 21 44 68 63 96 32 61 26 56 1 39 37 67 34
 105 5 58 19 71 6 89 73 58 33 57 51 52 12 63 29 95 20 44 45 27 65 36 56 66 2 57
 65 18 90 14 42 48 43 3 22 9 6 45 93 24 94 6 17 44 22 105 94 69 49 50 66 24 66
 24 53 64 10 19 42 103 75 36 56 13 54 51 31 75 35 33 87 59 86 1 54 49 62 39 7 45
 42 53 70 101 34 11 83 35 44 79 73
 60 6 19 34 99 29 73 7 41 40 26 7 49 94 1 37 55 59 88 31 61 27 81 13 44 65 28 64
 100 98 83 26 30 76 71 97 52 91 61 68 41 13 29 99 31 53 89 61 11 26 24 64 33 20
 6 35 77 44 64 3 78 83 47 74 100 14 79 51 64 49 49 95 49 63 8 98 95 62 8 10 89
 85 1 98 21 1 80 57 77 58 19 2 28 13 20 47 65 67 92 34 59 28 54 2 38 40 64 36
 100 6 56 21 68 7 85 77 56 35 55 54 50 13 60 31 91 22 42 48 26 69 35 60 63 3 55
 69 18 95 14 45 46 46 3 24 9 7 43 98 23 99 6 18 42 24 100 100 66 52 48 70 23 70
 23 56 61 11 19 45 99 79 35 59 13 57 49 33 72 37 32 92 57 91 1 57 47 66 38 8 43
 45 51 74 97 36 11 88 34 47 76 77
 ---------------------
  0.0500000007 200 4 10241
 56 30 78 60 11 84 40 18 11 30 14 37 68 87 19 35 19 37 71 18 13 42 95 88 39 80
 90 1 4 3 53 85 4 62 47 67 35 44 45 43 17 56 99 33 101 21 76 37 66 11 69 70 22
 30 81 61 30 9 21 38 58 88 80 62 16 53 47 29 100 92 68 76 80 54 56 37 26 56 16
 70 59 73 87 60 51 56 14 37 53 85 28 3 54 44 86 35 87 37 86 55 103 13 25 85 58
 85 96 55 88 18 54 86 63 29 15 50 44 29 89 75 77 6 52 37 103 49 60 83 2 61 51 64
 80 92 24 63 18 50 52 92 18 79 57 68 17 19 57 13 51 29 84 91 39 17 10 30 39 26
 71 85 76 37 9 83 3 65 38 84 15 90 103 27 87 52 1 75 73 31 31 64 15 29 22 12 97
 9 63 85 99 52 32 28 40 53 103 85 2 0 75 37
 54 32 75 64 11 89 39 19 11 32 14 39 65 92 19 37 19 39 68 19 13 45 91 93 38 85
 86 2 4 4 51 90 4 66 45 71 34 47 43 46 17 59 95 35 97 23 73 39 63 12 66 74 21 32
 78 65 29 10 20 41 56 93 77 66 16 56 45 31 96 97 65 81 77 57 54 40 25 60 16 74
 57 77 83 64 49 59 14 39 51 90 27 4 52 47 82 37 83 39 82 58 99 14 24 90 56 90 92
 58 84 20 52 91 60 31 15 53 42 31 85 80 74 7 50 39 99 52 58 88 2 65 49 68 77 97
 23 67 18 53 50 97 18 84 55 72 17 21 55 14 49 31 80 96 38 18 10 32 38 28 68 90
 73 40 9 88 3 69 37 89 15 95 99 29 83 55 1 79 70 33 30 68 15 31 21 13 93 10 60
 90 95 55 31 30 39 56 99 90 2 1 72 39
 ---------------------
  0.0500000007 200 5 9555
 50 55 32 89 24 46 5 29 85 22 2 67 85 85 38 35 87 18 50 6 68 59 1 69 33 4 46 37
 8 9 19 51 81 53 19 42 16 2 26 22 97 4 64 67 66 88 59 16 15 93 8 79 9 41 52 90
 85 72 79 75 35 2 7 55 33 93 11 10 29 42 85 63 5 48 105 77 57 55 25 36 26 65 68
 28 80 16 50 19 26 20 36 5 79 76 46 25 1 10 75 77 40 94 98 74 77 37 21 75 71 32
 50 57 54 52 47 27 29 25 15 5 102 0 42 44 7 77 77 26 81 57 66 72 95 86 95 61 18
 10 90 46 94 20 7 18 26 33 70 28 78 59 56 70 35 11 21 60 10 3 92 9 24 9 99 18 47
 25 57 31 32 10 66 94 55 50 55 23 71 27 29 41 76 67 43 65 40 51 86 68 49 61 11
 81 85 72 91 87 73 52 71 0
 48 58 31 94 23 49 5 31 81 24 2 71 81 90 37 37 83 19 48 7 65 63 1 73 32 5 44 40
 8 10 19 54 78 56 19 45 16 3 25 24 93 5 61 71 63 93 57 17 15 98 8 84 9 44 50 95
 81 76 76 79 34 3 7 58 32 98 11 11 28 45 81 67 5 51 100 82 55 58 24 38 25 69 65
 30 77 17 48 21 25 22 35 6 76 81 44 27 1 11 72 82 39 100 94 78 74 40 20 80 68 34
 48 61 52 55 45 29 28 27 15 6 98 1 40 47 7 82 74 28 78 61 63 76 91 91 91 65 18
 11 86 49 90 22 7 20 25 35 67 30 75 63 54 74 34 12 20 64 10 4 88 10 23 10 95 20
 45 27 55 33 31 11 63 99 53 53 53 25 68 29 28 44 73 71 41 69 39 54 82 72 47 65
 11 86 81 76 87 92 70 55 68 1
 ---------------------
  0.0500000007 200 6 10069
 44 79 91 22 36 8 74 40 53 15 94 2 101 83 57 35 49 94 29 90 17 76 11 50 27 23 2
 74 12 15 91 17 54 43 97 18 102 56 7 1 72 48 28 6 30 59 43 90 70 79 52 89 101 53
 23 23 34 39 33 16 12 12 38 47 50 37 80 86 63 88 101 50 34 42 48 22 89 53 33 1
 97 57 49 91 5 71 86 2 103 51 45 7 105 14 6 16 19 78 65 5 82 81 67 62 96 85 50 1
 54 45 46 29 46 75 78 4 14 21 47 30 23 90 31 52 15 11 94 64 56 54 80 79 5 80 61
 59 18 65 23 0 65 56 61 64 34 46 82 43 1 90 29 49 31 5 31 91 86 75 8 28 76 75 85
 49 91 80 76 73 49 25 28 65 24 48 5 67 69 23 27 18 32 10 64 23 89 93 4 51 103 71
 95 39 24 91 78 89 39 8 67 59
 42 84 87 24 35 9 71 43 51 16 90 3 97 88 55 37 47 99 28 95 17 81 11 53 26 25 2
 78 12 16 87 18 52 46 93 19 98 59 7 2 69 51 27 7 29 63 41 95 67 84 50 94 97 56
 22 25 33 42 32 17 12 13 37 50 48 40 77 91 60 93 97 53 33 45 46 24 85 56 32 2 93
 61 47 96 5 75 82 3 99 54 43 8 100 15 6 17 19 83 62 6 79 86 64 66 92 90 48 2 52
 48 44 31 44 79 75 5 14 23 45 32 22 95 30 55 15 12 90 68 54 57 77 84 5 85 59 63
 18 69 22 1 62 60 59 68 33 49 79 46 1 95 28 52 30 6 30 96 82 80 8 30 73 80 81 52
 87 85 73 77 47 27 27 69 23 51 5 71 66 25 26 20 31 11 61 25 85 98 4 54 99 75 91
 42 23 96 75 94 38 9 64 63
 ---------------------
  0.0500000007 200 7 9983
 37 9 45 51 49 65 38 52 22 7 81 33 13 81 76 35 11 75 8 78 72 94 22 31 21 42 63
 15 16 20 57 77 27 34 70 88 84 14 93 75 47 92 97 40 99 31 26 69 19 66 96 3 89 64
 98 52 89 7 92 52 94 21 70 39 67 77 45 67 96 38 13 37 64 37 96 62 15 51 42 62 64
 50 30 58 34 31 16 80 76 81 53 9 25 46 71 6 38 52 54 28 19 68 35 51 10 37 79 22
 37 58 42 0 37 2 5 76 105 18 78 55 48 84 21 59 24 39 6 7 31 50 95 87 19 75 28 57
 18 25 60 50 35 93 11 15 43 59 95 58 28 25 2 28 27 94 42 26 56 53 29 47 24 47 70
 79 30 40 95 19 66 40 95 37 97 46 59 16 67 19 25 91 93 48 85 76 32 39 27 34 53
 80 74 93 68 15 66 91 6 59 63 23
 36 10 43 54 47 69 37 55 21 8 78 35 13 86 73 37 11 79 8 83 69 99 21 33 20 45 60
 16 16 22 55 82 26 36 67 93 80 15 89 80 45 97 93 43 95 33 25 73 19 70 92 4 85 68
 94 55 85 8 88 55 90 23 67 42 64 82 43 71 92 41 13 39 61 39 92 66 15 54 40 66 61
 53 29 62 33 33 16 85 73 86 51 10 24 49 68 7 37 55 52 30 19 72 34 54 10 40 76 24
 36 62 40 1 36 3 5 81 100 19 75 58 46 89 20 63 23 42 6 8 30 53 91 92 19 79 27 61
 18 27 58 53 34 98 11 16 41 63 91 62 27 27 2 30 26 100 40 28 54 56 28 50 23 50
 67 84 29 43 91 21 63 43 91 39 93 49 57 17 64 21 24 96 89 51 81 81 31 42 26 36
 51 85 71 98 65 16 63 96 6 63 60 25
 ---------------------
  0.0500000007 200 8 9797
 31 34 103 79 61 27 3 63 95 94 69 63 30 79 95 35 78 56 92 67 22 16 32 12 14 61
 18 51 21 26 24 43 105 24 43 63 65 67 74 55 22 40 61 75 64 2 9 48 74 53 35 13 76
 75 69 80 38 70 46 88 71 31 101 32 84 22 9 48 25 84 30 23 93 31 39 7 47 49 50 28
 30 42 11 26 64 86 52 63 49 17 61 11 50 78 31 92 57 25 44 51 61 55 4 39 29 85 4
 43 21 72 37 67 29 25 36 54 90 14 5 79 73 78 10 67 32 68 23 45 6 46 5 94 34 69
 99 56 18 80 98 4 6 34 66 60 51 73 3 74 55 56 79 7 23 89 52 56 27 30 50 66 76 18
 55 15 74 0 9 61 82 56 57 8 66 44 9 59 65 16 23 68 49 86 1 35 80 81 50 17 3 90
 53 51 7 34 53 93 77 16 58 82
 30 36 99 84 59 29 3 67 91 100 66 67 29 84 91 37 75 59 88 71 21 17 31 13 14 65
 18 54 20 28 23 46 100 26 41 67 62 71 71 58 21 43 59 79 61 3 9 51 71 56 34 14 73
 80 66 85 37 74 44 93 68 33 97 34 80 24 9 51 24 89 29 25 89 33 38 8 45 52 48 30
 29 45 11 28 61 91 50 67 47 18 59 12 48 83 30 97 55 27 42 54 59 58 4 42 28 90 4
 46 20 76 36 71 28 27 35 57 86 15 5 84 70 83 10 71 31 72 22 48 6 49 5 100 33 73
 95 59 18 85 94 5 6 36 63 64 49 77 3 78 53 59 76 8 22 94 50 60 26 32 48 70 73 20
 53 16 71 1 9 65 79 59 55 9 63 47 9 63 62 17 22 72 47 91 1 37 77 86 48 18 3 95
 51 54 7 36 51 98 74 17 56 87
 ---------------------
  0.0500000007 200 9 10511
 25 58 57 13 74 84 72 75 64 87 56 94 47 77 9 35 40 37 71 56 76 33 43 88 8 80 79
 87 25 32 95 9 77 15 15 38 46 25 55 34 101 84 26 14 28 69 97 27 24 39 79 22 64
 87 39 14 93 37 105 29 48 40 28 24 100 62 78 29 58 35 47 10 17 25 88 47 78 47 58
 89 101 35 97 89 93 46 88 46 22 47 70 13 75 16 96 82 76 94 33 74 103 41 77 28 48
 37 33 64 4 85 33 38 21 48 68 31 75 10 36 9 98 73 105 75 40 1 39 83 86 42 19 7
 49 63 66 54 18 40 31 54 81 70 15 11 59 86 15 89 82 86 52 81 18 83 63 87 102 7
 71 85 24 85 40 45 13 56 28 8 99 71 19 75 34 42 64 8 63 12 21 45 5 29 22 88 24
 28 73 94 57 4 32 9 51 53 40 94 44 67 54 46
 24 62 55 14 71 89 69 79 61 92 54 99 45 82 9 37 39 39 68 59 73 35 41 93 8 85 76
 92 24 34 91 10 74 16 15 41 44 27 53 36 97 89 25 15 27 73 93 29 23 42 76 24 61
 92 38 15 89 40 100 31 46 43 27 26 96 66 75 31 56 37 45 11 17 27 84 50 75 50 56
 94 97 37 93 94 89 49 84 49 21 50 67 14 72 17 92 87 73 99 32 78 99 44 74 30 46
 40 32 68 4 90 32 41 20 51 65 33 72 11 35 10 94 77 100 79 39 2 38 88 82 45 19 8
 47 67 63 57 18 43 30 57 78 74 15 12 57 91 15 94 79 91 50 86 18 88 60 92 98 8 68
 90 23 90 39 48 13 59 27 9 95 75 19 79 33 45 61 9 60 13 20 48 5 31 21 93 23 30
 70 100 55 5 31 10 49 56 39 100 42 71 52 49
 ---------------------
  0.0500000007 200 10 9025
 18 83 11 41 87 46 36 86 32 79 44 29 64 75 28 35 3 18 50 44 26 50 53 69 2 4 35
 28 29 37 61 70 50 5 93 14 27 78 36 13 76 33 95 48 97 40 80 6 78 26 18 32 51 3
 10 42 43 5 58 65 25 50 59 17 12 7 43 10 92 80 64 92 47 19 31 87 5 45 67 55 68
 27 78 56 17 6 18 29 99 77 78 15 100 48 56 73 95 67 23 1 40 28 46 17 67 85 63 85
 92 3 29 10 12 71 99 8 60 6 68 34 18 67 94 82 49 30 56 26 60 38 34 15 64 57 32
 52 18 0 69 8 52 11 70 56 68 4 28 9 5 21 25 60 14 77 73 22 73 79 92 9 76 56 26
 75 57 16 47 50 11 86 87 46 3 40 13 52 60 8 18 22 66 67 43 46 72 70 96 77 7 14
 11 62 95 72 28 1 10 23 50 10
 18 88 11 44 83 49 35 91 31 84 42 31 61 80 27 37 3 19 48 47 25 53 51 73 2 5 34
 30 28 40 59 74 48 6 89 15 26 83 35 14 73 35 91 51 93 43 77 7 75 28 18 34 49 4
 10 45 41 6 56 69 24 53 57 18 12 8 41 11 88 85 61 97 45 21 30 92 5 48 64 58 65
 29 75 60 17 7 18 31 95 82 75 16 96 51 54 77 91 71 22 2 39 30 44 18 64 90 60 90
 88 4 28 11 12 75 95 9 58 7 65 36 18 71 90 87 47 32 54 28 58 41 33 16 61 61 31
 55 18 1 66 9 50 12 67 60 65 5 27 10 5 23 24 64 14 82 70 24 70 84 88 10 73 60 25
 80 55 17 45 53 11 91 83 49 3 43 13 55 58 9 18 24 63 71 41 49 69 74 92 82 7 15
 11 66 91 76 27 2 10 25 48 11
 ---------------------
  0.100000001 25 1 1454
 86 87 29 0 18 37 100 31 57 89 103 58 82 82 52 71 47 14 49 22 92 79 88 53 19
 79 97 27 1 17 42 91 35 52 100 94 65 75 92 48 80 43 16 45 25 84 88 80 60 18
 ---------------------
  0.100000001 25 2 1231
 82 17 22 17 44 82 79 87 36 16 89 20 11 27 25 70 41 31 45 89 49 51 18 71 95
 75 19 20 19 40 92 72 97 33 18 81 23 10 31 23 78 38 35 41 100 45 57 17 80 87
 ---------------------
  0.100000001 25 3 1308
 78 36 14 33 69 37 58 53 15 32 74 72 49 62 107 68 36 48 40 67 6 23 59 89 61
 71 41 13 37 63 42 53 59 14 36 68 81 45 70 98 76 33 54 37 75 6 26 54 100 56
 ---------------------
  0.100000001 25 4 1385
 73 56 6 49 94 82 37 18 104 48 60 35 88 8 80 66 30 65 36 44 73 85 100 17 27
 67 63 6 55 86 92 34 21 95 54 55 39 80 9 73 74 28 73 33 50 67 95 91 20 25
 ---------------------
  0.100000001 25 5 1362
 69 76 108 65 9 37 16 74 83 64 46 87 16 43 52 64 25 82 31 22 30 57 30 35 103
 63 85 99 73 9 42 15 83 76 72 42 97 15 48 48 72 23 92 29 25 28 64 28 40 94
 ---------------------
  0.100000001 25 6 1439
 64 6 101 81 35 82 105 40 62 80 31 49 55 78 25 62 19 9 27 89 97 29 71 53 69
 59 7 92 91 32 92 96 45 57 90 29 55 50 87 23 70 18 11 25 100 89 33 65 60 63
 ---------------------
  0.100000001 25 7 1028
 60 26 93 8 60 37 84 6 41 7 17 11 93 23 107 61 14 26 23 67 55 1 2 71 35
 55 29 85 9 55 42 77 7 38 8 16 13 85 26 98 68 13 30 21 75 50 2 2 80 32
 ---------------------
  0.100000001 25 8 1193
 56 45 85 24 85 82 63 62 20 23 3 63 22 58 80 59 8 44 18 44 12 63 42 89 1
 51 51 78 27 78 92 58 69 19 26 3 71 20 65 73 66 8 49 17 50 11 71 39 100 1
 ---------------------
  0.100000001 25 9 1178
 51 65 78 40 1 37 42 27 110 39 99 26 60 3 52 57 3 61 14 22 79 35 83 17 77
 47 73 71 45 1 42 39 31 100 44 90 29 55 4 48 64 3 68 13 25 72 40 76 20 70
 ---------------------
  0.100000001 25 10 1447
 47 85 70 56 26 82 22 83 89 55 84 78 99 38 25 55 107 78 9 89 36 8 14 35 42
 43 95 64 63 24 92 20 93 81 62 77 87 90 43 23 62 98 87 9 100 33 9 13 40 39
 ---------------------
  0.100000001 50 1 2725
 63 41 28 9 51 79 37 53 110 22 78 35 99 28 84 28 26 77 31 32 61 48 110 11 47 89
 35 6 37 89 60 10 69 41 99 6 108 49 94 80 102 33 5 65 51 80 56 79 91 3
 58 46 26 11 47 88 34 59 100 25 71 40 90 32 77 32 24 86 29 36 56 54 100 13 43
 100 32 7 34 100 55 12 63 46 90 7 99 55 86 89 93 37 5 73 47 89 51 88 83 4
 ---------------------
  0.100000001 50 2 2528
 77 34 48 53 25 23 63 47 13 36 97 57 17 86 106 77 57 44 56 75 33 21 4 6 89 26 57
 29 107 89 40 50 100 37 22 26 29 9 63 53 104 49 23 20 78 31 73 73 56 26
 70 38 44 59 23 26 58 53 12 41 89 64 16 96 97 86 52 50 51 84 30 24 4 7 81 30 52
 33 98 100 37 56 91 42 20 29 27 11 58 59 95 55 21 23 71 35 67 82 51 30
 ---------------------
  0.100000001 50 3 2634
 90 26 68 6 108 57 90 42 26 51 7 79 46 53 18 35 88 12 80 28 4 84 8 0 20 53 79 53
 68 89 20 89 20 34 55 45 60 60 33 26 106 65 40 65 104 72 91 68 20 50
 82 30 62 7 99 64 82 47 24 57 7 88 42 60 17 40 80 14 73 32 4 94 8 1 19 60 72 59
 62 100 19 100 19 38 50 51 55 67 30 29 97 73 37 73 95 81 83 76 19 56
 ---------------------
  0.100000001 50 4 2840
 103 19 88 49 82 1 6 36 39 65 27 10 74 21 40 84 8 70 104 71 85 57 13 85 62 80
 101 76 28 89 1 39 51 30 88 65 91 20 2 89 108 81 58 20 20 24 108 62 95 73
 94 22 80 55 75 2 6 41 36 73 25 12 68 24 37 94 8 78 95 80 78 64 12 95 57 90 92
 85 26 100 1 44 47 34 80 73 83 23 2 99 99 91 53 23 19 27 99 70 87 82
 ---------------------
  0.100000001 50 5 2446
 6 12 107 2 56 35 33 31 52 80 47 32 103 79 62 43 39 37 18 25 57 30 17 80 104 17
 13 9 99 89 91 79 82 26 11 85 12 71 81 62 1 8 75 65 47 65 16 57 60 7
 6 14 98 3 51 40 30 35 48 89 43 36 94 88 57 48 36 42 17 28 52 34 16 89 95 20 12
 11 90 100 83 88 75 30 10 95 11 79 74 69 1 9 69 73 43 73 15 64 55 8
 ---------------------
  0.100000001 50 6 1952
 19 5 17 45 29 70 59 26 66 4 67 53 22 46 84 1 70 5 42 68 28 3 22 74 36 44 35 33
 59 89 71 28 3 23 44 15 42 31 50 35 3 24 93 20 73 17 34 52 25 30
 18 6 16 51 27 78 54 29 60 5 61 60 20 52 77 2 64 6 39 76 26 4 20 83 33 50 32 37
 54 100 65 32 3 26 40 17 39 35 46 39 3 27 85 23 67 19 31 58 23 34
 ---------------------
  0.100000001 50 7 2758
 33 88 37 89 3 14 85 20 79 18 86 75 50 14 106 50 101 62 67 21 110 66 26 69 78 71
 57 56 19 89 51 68 34 19 77 35 73 81 19 8 5 40 1 65 100 58 51 46 100 53
 30 98 34 99 3 16 78 23 72 21 79 84 46 16 97 56 92 70 61 24 100 74 24 77 71 80
 52 63 18 100 47 76 31 22 70 39 67 91 18 9 5 45 1 73 91 65 47 52 91 60
 ---------------------
  0.100000001 50 8 2564
 46 80 57 42 86 48 2 15 92 33 106 7 79 71 18 8 22 30 91 64 81 39 30 63 9 8 79 80
 90 89 31 17 64 16 110 54 104 42 99 71 7 56 18 20 16 9 69 41 64 77
 42 90 52 47 79 54 2 17 84 37 97 8 72 80 17 10 20 34 83 72 74 44 28 71 9 10 72
 89 82 100 29 20 59 18 100 61 95 47 90 79 7 63 17 23 15 11 63 46 59 86
 ---------------------
  0.100000001 50 9 2470
 59 73 77 85 60 82 28 9 105 47 16 28 107 39 40 57 52 88 5 17 52 12 35 58 51 35
 101 13 50 89 12 57 95 12 33 74 25 2 68 44 9 72 36 65 42 51 86 35 29 10
 54 82 70 95 55 92 26 11 96 53 15 32 98 44 37 64 48 98 5 20 48 14 32 65 47 40 92
 15 46 100 11 64 87 14 30 83 23 3 62 49 9 81 33 73 39 57 79 40 27 12
 ---------------------
  0.100000001 50 10 2276
 72 66 96 38 34 26 55 4 8 62 36 50 26 7 62 16 83 55 29 61 24 75 39 53 93 62 13
 36 11 89 102 7 16 8 66 4 56 53 37 17 12 89 53 20 69 2 104 30 104 34
 66 74 88 43 31 30 50 5 8 69 33 56 24 8 57 18 76 62 27 68 22 84 36 59 85 70 12
 41 10 100 93 8 15 10 60 5 51 59 34 19 11 99 49 23 63 3 95 34 95 38
 ---------------------
  0.100000001 75 1 4381
 107 58 88 48 91 72 17 82 89 61 104 57 38 29 99 31 99 50 61 68 56 48 57 21 14 71
 66 44 85 73 110 0 99 44 6 29 110 40 60 63 31 7 30 87 26 81 49 35 94 72 3 54 63
 77 19 88 83 28 53 45 90 64 41 9 44 79 40 35 11 89 100 45 78 68 81
 98 65 80 54 83 81 16 92 81 68 95 64 35 33 90 35 90 56 56 76 51 54 52 24 13 79
 60 49 78 82 100 1 90 49 6 33 100 45 55 71 29 8 28 97 24 91 45 40 86 81 3 61 58
 86 18 98 76 32 49 51 82 72 38 11 40 88 37 39 10 100 91 51 71 76 74
 ---------------------
  0.100000001 75 2 3462
 23 8 70 4 7 74 13 22 63 44 11 14 19 86 67 31 57 62 72 33 63 4 105 16 13 86 34 3
 104 33 53 43 2 12 100 3 91 21 85 14 110 77 2 84 79 83 85 17 68 89 56 71 90 74 8
 66 8 45 16 3 1 80 52 38 55 22 16 22 27 62 63 29 9 60 95
 21 9 64 5 7 83 12 25 58 49 10 16 18 96 61 35 52 70 66 37 58 5 96 18 12 96 31 4
 95 37 49 48 2 14 91 4 83 24 78 16 100 86 2 94 72 93 78 20 62 100 51 80 82 83 8
 74 8 51 15 4 1 89 48 43 50 25 15 25 25 69 58 33 9 67 87
 ---------------------
  0.100000001 75 3 3843
 48 47 52 50 34 76 8 52 38 26 27 61 1 53 35 31 15 75 83 88 71 50 44 10 12 11 2
 53 13 82 107 85 15 71 83 67 72 2 1 54 78 57 83 81 22 85 12 89 41 17 108 89 6 71
 107 44 44 62 89 51 22 5 63 67 66 55 102 9 44 34 27 13 51 52 110
 44 53 48 56 31 85 8 58 35 30 25 68 1 59 32 35 14 84 76 98 65 56 40 12 11 13 2
 59 12 92 98 95 14 79 76 75 66 3 1 61 71 64 76 91 20 95 11 100 38 19 99 99 6 80
 98 50 40 70 81 57 20 6 58 75 60 62 93 11 40 38 25 15 47 58 100
 ---------------------
  0.100000001 75 4 3724
 73 87 35 6 60 78 4 81 13 9 44 17 92 19 3 31 83 88 94 53 79 6 92 5 11 26 80 12
 31 42 51 37 28 39 67 41 53 73 26 5 46 37 55 79 74 87 48 71 15 34 51 16 33 69 96
 23 79 80 51 8 42 20 74 6 77 89 78 87 60 6 101 87 93 44 14
 67 97 32 7 55 87 4 91 12 11 40 20 84 22 3 35 76 98 86 59 72 7 84 6 10 30 73 14
 29 47 47 42 26 44 61 46 49 82 24 6 42 42 50 88 68 97 44 80 14 38 47 18 30 77 88
 26 72 89 47 10 39 23 68 7 70 99 71 97 55 7 92 97 85 49 13
 ---------------------
  0.100000001 75 5 4005
 99 36 17 52 86 80 110 21 97 82 60 64 73 76 81 31 41 10 105 17 86 52 30 89 9 42
 48 62 50 1 105 80 41 8 50 15 35 54 51 45 14 17 26 76 17 89 84 53 99 51 104 33
 59 66 85 1 4 7 14 56 63 35 85 35 88 32 53 74 77 68 64 71 25 35 28
 90 41 16 58 79 89 100 24 89 92 55 72 67 85 74 35 38 12 96 20 79 58 28 100 9 47
 44 69 46 2 96 89 38 9 46 17 32 61 47 51 13 20 24 85 16 99 77 60 90 57 95 37 54
 74 78 2 4 8 13 63 58 40 78 39 80 36 49 83 70 76 59 79 23 40 26
 ---------------------
  0.100000001 75 6 4186
 14 76 110 8 3 81 105 51 72 65 77 21 55 43 49 31 110 23 6 72 94 8 79 84 8 57 16
 21 69 51 49 32 55 66 34 79 16 35 77 86 92 88 107 73 70 0 11 35 72 68 47 50 85
 63 74 70 39 24 86 14 84 51 96 63 99 65 29 62 93 40 28 54 67 27 42
 13 85 100 9 3 91 96 57 66 73 70 24 50 48 45 35 100 26 6 81 86 9 72 94 8 64 15
 24 63 57 45 36 50 74 31 88 15 40 70 96 84 98 98 82 64 1 10 40 66 76 43 56 78 71
 68 78 36 27 79 16 77 57 88 71 90 73 27 69 85 45 26 61 61 31 39
 ---------------------
  0.100000001 75 7 4167
 39 26 92 53 29 83 101 80 47 48 93 68 36 9 17 31 68 35 17 37 102 53 17 79 7 72
 94 71 88 10 103 74 68 35 17 53 107 17 102 36 60 68 79 71 13 2 47 17 46 85 100
 67 2 61 63 48 74 41 49 62 105 66 107 2 110 8 5 49 110 12 102 38 108 19 57
 36 29 84 60 27 93 92 90 43 54 85 76 33 11 16 35 62 40 16 42 93 60 16 88 7 81 86
 79 80 12 94 83 62 39 16 59 98 19 93 41 55 76 72 79 12 3 43 20 42 95 91 75 2 68
 58 54 68 46 45 69 96 74 98 3 100 10 5 55 100 14 93 43 99 22 52
 ---------------------
  0.100000001 75 8 3648
 64 65 74 9 56 85 96 20 22 31 110 25 17 66 95 31 26 48 28 2 110 9 66 73 6 88 62
 30 106 60 47 26 81 3 1 26 89 88 17 77 28 48 50 68 66 4 83 89 19 12 42 84 28 58
 52 26 110 58 12 19 16 81 8 31 11 42 91 36 16 74 66 22 40 11 71
 59 73 68 11 51 95 88 23 20 35 100 28 16 74 87 35 24 54 26 3 100 11 60 82 6 98
 57 34 97 67 43 30 74 4 1 30 81 98 16 86 26 54 46 76 60 5 76 100 18 14 39 94 26
 65 48 30 100 65 11 22 15 91 8 35 10 47 83 41 15 83 60 25 37 13 65
 ---------------------
  0.100000001 75 9 3729
 90 15 57 55 82 87 92 50 106 14 16 71 108 33 63 31 94 61 39 57 7 55 4 68 5 13 30
 80 15 19 101 69 94 62 94 0 70 69 42 27 106 28 22 65 8 6 9 71 103 29 95 11 55 55
 41 5 35 75 84 67 37 7 19 60 22 75 67 24 33 46 29 6 82 3 85
 82 17 52 62 75 97 84 56 97 16 15 80 99 37 58 35 86 68 36 64 7 62 4 76 5 15 28
 89 14 22 92 77 86 69 86 1 64 77 39 31 97 32 20 73 8 7 9 80 94 33 87 13 50 62 38
 6 32 84 77 75 34 8 18 67 20 84 61 27 30 52 27 7 75 4 78
 ---------------------
  0.100000001 75 10 3910
 5 54 39 11 108 89 88 80 81 87 33 28 90 89 31 31 52 73 50 22 15 11 52 62 4 28
 108 39 34 69 45 21 107 30 78 64 51 50 68 68 74 8 103 62 61 8 46 53 77 46 38 28
 81 53 30 73 70 2 47 25 58 22 30 89 33 18 42 11 49 18 103 80 14 85 100
 5 61 36 13 99 99 80 89 74 97 30 32 82 100 29 35 48 82 46 25 14 13 48 70 4 32 99
 44 31 77 41 24 98 34 71 72 47 56 62 76 68 10 94 70 56 9 42 60 70 52 35 32 74 59
 28 82 64 3 43 28 53 25 28 99 30 21 39 13 45 21 94 89 13 95 91
 ---------------------
  0.100000001 100 1 4505
 20 30 72 76 52 80 22 4 78 1 60 9 8 49 11 60 69 0 16 20 88 40 18 65 49 78 6 14
 82 51 108 11 70 14 14 65 47 35 104 31 30 54 26 66 7 37 19 12 57 48 22 36 28 19
 61 6 78 45 80 68 52 72 12 33 82 85 96 31 53 62 55 44 55 55 4 35 22 86 19 35 18
 50 48 89 11 17 3 25 46 17 94 8 101 24 94 71 13 56 78 61
 19 34 66 85 48 90 20 5 71 2 55 11 8 55 10 67 63 1 15 23 80 45 17 73 45 87 6 16
 75 57 99 13 64 16 13 73 43 40 95 35 28 61 24 74 7 42 18 14 52 54 20 41 26 22 56
 7 71 51 73 76 48 81 11 37 75 95 88 35 49 69 50 50 50 62 4 40 20 96 18 39 17 56
 44 100 10 19 3 28 42 19 86 9 92 27 86 79 12 63 71 68
 ---------------------
  0.100000001 100 2 5385
 91 23 107 72 74 52 105 87 64 5 51 60 96 27 99 74 73 44 38 13 39 18 1 54 31 63
 46 10 51 18 86 44 17 61 67 44 64 71 38 89 57 51 83 41 12 84 41 52 70 30 22 80
 103 23 74 31 12 27 23 17 110 15 69 54 60 81 101 38 23 87 50 8 94 1 105 43 30 68
 103 85 67 10 101 25 24 56 95 50 15 63 63 15 66 35 59 38 79 67 56 57
 83 26 98 81 68 58 96 97 59 6 47 67 88 31 90 83 67 49 35 15 36 21 1 61 29 71 42
 12 47 21 79 49 16 68 61 49 59 80 35 99 52 57 76 46 11 94 38 58 64 34 20 89 94
 26 68 35 11 31 21 20 100 17 63 61 55 91 92 43 21 97 46 10 86 2 96 48 28 76 94
 95 61 12 92 28 22 63 87 56 14 71 58 17 60 39 54 43 72 75 51 64
 ---------------------
  0.100000001 100 3 4965
 51 16 33 69 96 23 79 80 51 8 42 20 74 6 77 89 78 87 60 6 101 87 93 44 14 49 85
 7 20 76 64 76 74 17 9 22 82 17 82 56 83 47 30 16 16 41 63 1 83 12 22 33 68 26
 88 56 56 9 75 57 57 47 16 76 38 78 105 45 102 22 46 62 24 37 96 50 39 50 77 45
 5 61 44 50 37 6 78 75 94 20 33 22 30 45 24 6 35 78 34 53
 47 18 30 77 88 26 72 89 47 10 39 23 68 7 70 99 71 97 55 7 92 97 85 49 13 55 78
 8 19 85 59 85 68 20 9 25 75 20 75 63 76 53 28 18 15 46 58 2 76 14 20 37 62 30
 80 63 51 11 69 64 52 53 15 85 35 87 96 51 93 25 42 70 22 42 88 56 36 56 70 51 5
 68 40 56 34 7 71 84 86 23 30 25 28 51 22 7 32 87 31 60
 ---------------------
  0.100000001 100 4 5445
 12 8 68 65 8 84 52 72 38 12 34 71 52 74 55 13 82 40 82 89 52 65 75 33 106 35 15
 3 100 44 42 18 22 64 62 0 100 53 16 24 110 44 88 80 20 88 85 41 96 84 22 76 33
 30 101 81 100 81 18 7 4 80 73 8 16 74 110 53 71 47 41 26 63 73 88 57 48 32 50 6
 53 21 96 75 50 45 60 10 63 67 2 29 105 56 99 63 101 89 12 50
 11 10 62 73 8 94 48 81 35 14 31 79 48 83 50 15 75 45 75 99 48 73 69 37 97 39 14
 4 91 49 39 21 20 72 57 1 91 60 15 27 100 49 80 90 19 98 78 46 88 94 20 85 30 34
 92 91 91 91 17 8 4 89 67 9 15 83 100 59 65 53 38 30 58 82 80 64 44 36 46 7 49
 24 88 84 46 51 55 12 58 75 2 33 96 63 90 71 92 99 11 56
 ---------------------
  0.100000001 100 5 5125
 82 1 103 62 30 55 26 65 25 16 25 31 30 53 33 27 86 83 104 81 4 44 58 22 89 20
 55 89 69 11 20 51 79 21 5 69 7 89 60 81 26 40 35 55 25 44 107 80 110 66 22 29
 107 34 4 17 34 63 71 46 61 22 20 29 104 71 4 60 40 72 37 80 103 19 79 64 57 14
 24 56 102 71 39 10 63 85 42 35 33 24 81 36 70 67 63 31 57 9 100 46
 75 2 94 69 28 62 24 73 23 18 23 35 28 59 30 31 79 93 95 91 4 49 53 25 81 23 50
 100 63 13 19 57 72 24 5 77 7 100 55 91 24 45 32 62 23 50 98 90 100 74 20 33 98
 38 4 19 31 71 65 52 56 25 19 33 95 79 4 67 37 81 34 90 94 22 72 72 52 16 22 63
 93 80 36 12 58 95 39 40 30 27 74 41 64 75 58 35 52 11 91 52
 ---------------------
  0.100000001 100 6 4905
 42 84 28 58 52 26 110 58 12 19 16 81 8 31 11 42 91 36 16 74 66 22 40 11 71 6 94
 86 38 69 108 83 26 68 58 47 25 35 104 49 52 36 92 30 29 1 19 30 13 48 22 72 72
 37 17 42 78 45 14 86 8 54 78 51 82 67 8 67 9 8 33 44 33 55 70 71 66 86 107 17
 40 32 92 35 77 35 25 61 2 71 50 44 35 78 28 89 13 20 78 43
 39 94 26 65 48 30 100 65 11 22 15 91 8 35 10 47 83 41 15 83 60 25 37 13 65 7 86
 96 35 77 99 93 24 76 53 53 23 40 95 55 48 41 84 34 27 2 18 34 12 54 20 81 66 42
 16 47 71 51 13 96 8 61 71 57 75 75 8 75 9 9 30 50 30 62 64 80 60 96 98 19 37 36
 84 40 70 39 23 68 2 79 46 49 32 87 26 99 12 23 71 48
 ---------------------
  0.100000001 100 7 5185
 3 77 63 54 74 88 83 51 108 23 7 42 96 9 99 56 95 80 38 67 17 0 23 0 53 81 24 82
 7 36 86 26 83 25 1 26 42 71 38 17 79 33 39 5 34 48 41 70 26 30 22 26 37 41 30
 67 12 27 67 35 66 87 25 72 60 63 13 74 89 33 28 8 72 1 61 79 74 68 81 67 89 82
 35 61 90 74 7 86 81 27 19 51 110 89 103 56 79 31 56 39
 3 86 58 61 68 98 76 57 99 26 7 47 88 11 90 63 87 89 35 75 16 1 21 1 49 91 22 92
 7 41 79 29 76 28 1 29 39 80 35 19 72 37 36 6 31 54 38 78 24 34 20 29 34 46 28
 75 11 31 61 40 60 97 23 81 55 71 12 83 81 37 26 10 66 2 56 88 68 76 74 75 81 92
 32 68 82 83 7 96 74 31 18 57 100 99 94 63 72 35 51 44
 ---------------------
  0.100000001 100 8 5265
 73 70 99 51 96 59 57 44 95 26 108 2 74 78 77 71 100 33 60 60 79 69 5 80 36 67
 63 79 86 4 64 58 30 71 53 4 60 17 82 74 105 29 96 70 38 5 63 19 39 12 22 69 2
 44 44 2 56 9 9 75 13 29 82 4 38 60 17 81 58 58 24 62 2 37 52 86 83 50 55 27 27
 43 88 86 103 24 100 21 50 74 99 58 74 9 68 24 35 42 34 35
 67 78 90 57 88 66 52 49 87 30 99 3 68 87 70 79 91 37 55 67 72 77 5 89 33 75 58
 88 79 5 59 65 28 80 49 5 55 20 75 83 96 33 88 78 35 6 58 22 36 14 20 77 2 50 40
 3 51 11 9 84 12 33 75 5 35 67 16 91 53 65 22 70 2 42 48 96 76 56 50 31 25 48 80
 96 94 27 91 24 46 83 90 65 68 11 62 27 32 47 31 40
 ---------------------
  0.100000001 100 9 5145
 34 62 24 47 8 30 30 36 82 30 100 53 52 56 55 85 104 76 82 53 30 47 97 69 18 53
 103 75 56 62 42 0 88 28 106 72 78 53 16 42 22 26 44 44 42 52 85 59 52 84 22 22
 77 48 57 27 100 81 62 25 70 62 29 26 16 56 22 89 27 83 19 26 41 73 44 3 92 32
 28 78 75 3 30 21 6 63 82 46 19 31 68 65 39 20 33 81 101 53 12 32
 31 70 22 53 8 34 28 41 75 34 91 59 48 63 50 95 95 85 75 59 28 53 89 77 17 59 94
 84 51 69 39 1 80 32 97 81 71 60 15 47 20 29 40 50 39 58 78 66 48 94 20 25 70 54
 52 31 91 91 57 28 64 69 27 29 15 63 20 99 25 93 18 30 38 82 40 4 84 36 26 87 69
 4 28 24 6 71 75 52 18 35 62 73 36 23 30 91 92 59 11 36
 ---------------------
  0.100000001 100 10 4825
 104 55 59 44 30 1 4 29 69 34 91 13 30 35 33 9 108 29 104 45 92 26 80 58 1 38 33
 71 25 29 20 33 35 75 49 51 95 89 60 9 48 22 101 19 47 8 107 8 66 66 22 65 41 52
 70 53 34 63 5 64 17 4 86 47 104 53 26 6 106 18 15 80 81 19 35 10 101 14 2 38 14
 53 83 46 19 13 64 71 99 78 37 72 4 31 107 49 57 63 100 28
 95 62 54 49 28 2 4 33 63 38 83 15 28 39 30 11 99 33 95 51 84 29 73 65 1 43 30
 80 23 33 19 37 32 84 45 57 87 100 55 11 44 25 92 22 43 10 98 10 60 74 20 73 38
 58 64 59 31 71 5 72 16 5 79 53 95 59 24 7 97 21 14 90 74 22 32 12 92 16 2 43 13
 60 76 52 18 15 59 80 90 87 34 81 4 35 98 55 52 71 91 32
 ---------------------
  0.100000001 150 1 7789
 92 7 42 2 79 0 107 33 39 4 45 87 68 3 92 23 35 85 45 45 102 66 106 0 102 37 84
 73 83 1 77 77 61 29 41 6 92 2 108 11 108 4 49 53 71 5 44 30 14 55 75 86 100 80
 107 89 58 6 72 59 19 86 42 21 7 33 58 2 44 71 95 89 91 71 91 88 92 7 4 85 99 63
 18 9 93 67 52 29 29 1 60 73 70 18 29 0 25 59 85 61 25 29 34 17 80 89 88 72 6 21
 57 18 89 58 13 33 36 17 107 6 16 79 28 65 62 49 75 58 8 76 20 3 3 72 48 62 100
 47 110 44 47 26 39 18 96 61 62 82 71 65
 84 8 39 3 72 1 98 37 36 5 41 97 62 4 84 26 32 95 41 51 93 74 97 1 93 42 77 82
 76 2 70 86 56 33 38 7 84 3 99 13 99 5 45 60 65 6 40 34 13 62 69 96 91 90 98 99
 53 7 66 66 18 96 39 24 7 37 53 3 40 79 87 99 83 80 83 98 84 8 4 95 90 71 17 11
 85 75 48 33 27 2 55 82 64 21 27 1 23 66 78 68 23 33 31 19 73 99 80 81 6 24 52
 21 81 65 12 37 33 19 98 7 15 88 26 73 57 55 69 65 8 85 19 4 3 81 44 70 91 53
 100 49 43 30 36 21 88 68 57 92 65 73
 ---------------------
  0.100000001 150 2 8324
 97 29 53 43 46 72 107 78 56 35 23 55 24 44 53 50 46 40 94 18 41 12 62 86 25 10
 101 6 34 10 5 41 17 83 58 64 75 61 48 20 48 31 93 26 11 27 16 44 80 69 92 86 56
 71 63 39 19 51 105 63 14 27 48 26 106 78 85 83 44 17 46 84 80 8 41 38 70 70 42
 71 104 32 13 54 110 67 3 79 106 60 104 69 31 23 90 45 69 68 102 61 74 34 12 84
 91 44 93 81 89 75 46 27 67 26 84 33 3 17 52 42 27 2 1 65 57 4 92 71 30 80 64 66
 107 50 42 58 83 74 93 57 80 76 45 45 47 83 84 51 82 70
 89 33 49 48 42 81 98 87 51 40 21 62 22 49 49 56 42 45 86 21 38 14 57 96 23 12
 92 7 31 12 5 46 16 93 53 72 69 68 44 23 44 35 85 30 10 31 15 49 73 77 84 96 51
 80 58 44 18 57 96 71 13 31 44 29 97 87 78 93 40 19 42 94 73 10 38 43 64 78 39
 80 95 36 12 61 100 75 3 88 97 67 95 77 29 26 82 51 63 76 93 68 68 38 11 94 83
 49 85 91 81 84 42 31 61 30 77 37 3 19 48 47 25 3 1 73 52 5 84 80 28 90 59 74 98
 56 39 65 76 83 85 64 73 85 41 51 43 93 77 57 75 78
 ---------------------
  0.100000001 150 3 8459
 103 52 64 83 13 54 107 33 72 67 1 24 90 84 15 77 57 85 34 81 91 48 18 81 58 73
 7 28 94 19 44 5 83 47 74 33 59 29 97 29 97 58 27 89 60 50 99 57 36 82 108 86 12
 62 19 80 91 6 28 68 8 59 53 30 95 33 3 74 44 53 106 80 69 35 102 79 48 43 81 58
 110 0 7 9 16 67 63 38 73 28 38 64 103 27 40 0 3 77 8 61 14 38 100 62 102 89 99
 0 61 39 35 36 45 85 46 33 80 17 107 78 38 16 83 65 51 49 108 85 52 85 108 39
 102 27 37 53 67 11 77 71 3 35 50 72 107 16 106 19 93 74
 94 58 59 93 12 61 98 37 66 75 1 27 82 94 14 86 52 95 31 91 83 54 17 91 53 82 7
 32 86 22 40 6 76 53 68 37 54 33 89 33 89 65 25 100 55 56 90 64 33 92 99 96 11
 70 18 89 83 7 26 76 8 66 49 34 87 37 3 83 40 59 97 89 63 40 93 88 44 48 74 65
 100 1 7 11 15 75 58 43 67 32 35 72 94 31 37 1 3 86 8 68 13 43 91 69 93 99 90 1
 56 44 32 41 41 95 42 37 73 19 98 87 35 18 76 73 47 55 99 95 48 95 99 44 93 31
 34 60 61 13 70 79 3 40 46 81 98 18 97 22 85 83
 ---------------------
  0.100000001 150 4 7894
 108 74 75 34 90 36 107 78 89 8 89 82 46 35 86 14 68 40 83 54 30 84 84 77 91 46
 24 51 45 28 82 59 39 11 91 1 42 88 37 38 37 85 71 62 110 72 71 71 102 6 15 86
 78 53 85 30 52 51 61 72 3 0 59 35 84 78 30 65 44 89 57 75 58 62 52 29 26 16 9
 44 5 59 2 54 33 67 14 88 40 87 82 60 64 32 101 45 47 86 25 61 63 43 78 39 3 44
 104 9 34 3 24 45 23 53 7 33 47 17 52 24 49 29 56 65 46 4 15 8 74 89 42 12 96 5
 31 49 50 38 60 84 36 85 56 9 58 38 18 78 104 79
 99 83 69 38 82 41 98 87 81 10 81 92 42 39 79 16 62 45 76 61 28 94 77 86 83 52
 22 57 41 32 75 66 36 13 83 2 39 98 34 43 34 95 65 70 100 81 65 79 93 7 14 96 71
 60 78 34 48 57 56 81 3 1 54 39 77 87 28 73 40 99 52 84 53 70 48 33 24 18 9 50 5
 66 2 61 30 75 13 98 37 97 75 67 59 36 92 51 43 96 23 68 58 48 71 44 3 49 95 11
 31 4 22 51 21 60 7 37 43 19 48 27 45 33 51 73 42 5 14 10 68 100 39 14 88 6 29
 55 46 43 55 94 33 95 51 11 53 43 17 87 95 88
 ---------------------
  0.100000001 150 5 7229
 4 7 86 74 57 18 107 33 105 40 67 51 2 75 48 41 79 85 23 27 80 30 40 72 14 19 40
 73 105 37 11 23 105 65 107 60 26 56 86 47 86 22 5 35 49 5 44 84 58 19 31 86 34
 44 41 71 14 6 94 77 107 32 64 39 73 33 58 56 44 35 7 71 47 89 3 70 4 79 48 31
 11 27 106 9 49 67 74 47 7 55 16 55 26 36 51 0 91 5 41 61 3 47 56 17 14 89 110
 18 6 57 13 54 1 22 79 33 14 17 107 60 60 43 28 65 40 49 31 22 96 4 86 75 91 72
 26 44 34 65 44 8 69 44 61 36 8 61 40 46 5 83
 4 8 79 83 52 21 98 37 96 45 61 57 2 84 44 46 72 95 21 31 73 34 37 81 13 22 37
 82 96 42 10 26 96 73 98 67 24 63 79 53 79 25 5 40 45 6 40 94 53 22 29 96 31 50
 38 79 13 7 86 86 98 36 59 44 67 37 53 63 40 39 7 79 43 100 3 78 4 88 44 35 10
 31 97 11 45 75 68 53 7 62 15 62 24 41 47 1 83 6 38 68 3 53 51 19 13 99 100 21 6
 64 12 61 1 25 72 37 13 19 98 67 55 48 26 73 37 55 29 25 88 5 79 84 83 81 24 50
 31 73 40 9 63 50 56 41 8 68 37 52 5 93
 ---------------------
  0.100000001 150 6 7164
 9 29 97 25 24 0 107 78 12 71 45 19 68 26 9 68 90 40 72 0 19 66 106 68 47 82 57
 6 56 46 49 77 61 29 14 28 9 25 26 56 26 49 49 8 99 27 16 8 14 33 48 86 100 35
 107 21 85 51 17 81 102 63 70 44 62 78 85 47 44 71 68 66 36 26 63 20 92 52 86 17
 16 86 101 54 66 67 25 7 84 24 60 51 97 41 2 45 25 14 58 61 52 52 34 84 25 44 5
 27 89 21 2 63 89 80 40 33 91 17 52 6 71 56 1 65 35 4 48 35 8 8 20 48 85 50 20
 40 17 2 27 21 102 4 67 63 69 83 62 15 16 88
 9 33 89 28 22 1 98 87 11 80 41 22 62 29 9 76 82 45 66 1 18 74 97 76 43 92 52 7
 51 52 45 86 56 33 13 32 9 28 24 63 24 55 45 10 90 31 15 9 13 37 44 96 91 40 98
 24 78 57 16 91 93 71 64 49 57 87 78 53 40 79 62 74 33 30 58 23 84 58 79 20 15
 96 92 61 60 75 23 8 77 27 55 57 89 46 2 51 23 16 53 68 48 58 31 94 23 49 5 31
 81 24 2 71 81 90 37 37 83 19 48 7 65 63 1 73 32 5 44 40 8 10 19 54 78 56 19 45
 16 3 25 24 93 5 61 71 63 93 57 17 15 98
 ---------------------
  0.100000001 150 7 7799
 15 52 108 65 101 72 107 33 28 13 23 78 24 66 81 5 101 85 12 63 69 12 62 63 80
 55 73 28 6 55 88 41 17 83 30 87 103 83 75 65 75 76 93 71 38 50 99 21 80 46 64
 86 56 26 63 62 47 6 50 86 96 5 75 48 51 33 3 38 44 17 18 62 25 53 14 61 70 25
 15 4 22 54 95 9 82 67 85 56 51 82 104 46 59 45 62 0 69 23 74 61 102 56 12 62 36
 89 11 36 61 75 101 72 67 49 2 33 58 17 107 42 82 70 83 65 29 49 64 49 30 13 64
 21 80 27 15 35 1 29 11 35 25 53 72 0 19 16 84 73 27 2
 14 58 99 73 92 81 98 37 26 15 21 87 22 74 74 6 92 95 11 71 63 14 57 71 73 62 67
 32 6 62 80 46 16 93 28 97 94 93 69 73 69 85 85 80 35 56 90 24 73 52 59 96 51 30
 58 69 43 7 46 96 88 6 69 54 47 37 3 43 40 19 17 69 23 60 13 68 64 28 14 5 20 61
 87 11 75 75 78 63 47 92 95 52 54 51 57 1 63 26 68 68 93 63 11 69 33 99 10 41 56
 84 92 81 61 55 2 37 53 19 98 47 75 78 76 73 27 55 59 55 28 15 59 24 73 31 14 40
 1 33 10 39 23 60 66 1 18 18 77 82 25 3
 ---------------------
  0.100000001 150 8 7334
 20 74 9 16 68 54 107 78 45 44 1 46 90 17 42 32 2 40 61 36 8 48 18 59 3 28 90 51
 67 64 16 5 83 47 47 55 86 52 15 74 15 13 27 44 88 72 71 35 36 60 81 86 12 17 19
 12 8 51 83 0 91 36 81 53 40 78 30 29 44 53 79 57 14 80 74 11 48 88 53 80 27 23
 90 54 99 67 36 16 18 51 38 42 20 50 13 45 3 32 91 61 41 61 100 39 47 44 16 45
 34 39 90 81 45 17 73 33 25 17 52 78 93 83 56 65 24 4 81 62 52 17 108 84 74 5 9
 31 94 56 104 48 58 13 78 27 80 38 106 42 38 7
 19 83 9 18 62 61 98 87 41 50 1 52 82 19 39 36 2 45 56 41 8 54 17 66 3 32 82 57
 61 72 15 6 76 53 43 62 79 58 14 83 14 15 25 50 80 81 65 39 33 67 74 96 11 20 18
 14 8 57 76 1 83 41 74 59 37 87 28 33 40 59 72 64 13 90 68 13 44 98 49 90 25 26
 82 61 90 75 33 18 17 57 35 47 19 56 12 51 3 36 83 68 38 68 91 44 43 49 15 51 31
 44 82 91 41 20 67 37 23 19 48 87 85 93 51 73 22 5 74 70 48 20 99 94 68 6 9 35
 86 63 95 54 53 15 71 31 73 43 97 47 35 8
 ---------------------
  0.100000001 150 9 7669
 26 7 20 56 35 36 107 33 61 76 89 15 46 57 4 59 13 85 1 9 58 84 84 54 36 1 106
 73 17 73 55 59 39 11 63 24 70 20 64 83 64 40 71 17 27 5 44 48 102 73 97 86 78 8
 85 53 80 6 6 5 85 68 86 57 29 33 58 20 44 89 29 53 3 17 25 52 26 61 92 67 33 81
 84 9 5 67 96 65 95 19 82 37 92 54 73 0 47 41 107 61 91 65 78 17 58 89 22 54 6 3
 79 0 23 76 35 33 102 17 107 24 104 7 28 65 18 49 97 76 74 22 42 57 69 72 4 26
 78 83 88 62 91 62 83 54 30 61 18 10 49 11
 24 8 19 63 32 41 98 37 56 85 81 17 42 64 4 66 12 95 1 11 53 94 77 61 33 2 97 82
 16 82 50 66 36 13 58 27 64 23 59 93 59 45 65 20 25 6 40 54 93 82 89 96 71 10 78
 59 73 7 6 6 78 76 79 64 27 37 53 23 40 99 27 59 3 20 23 58 24 68 84 75 30 91 77
 11 5 75 88 73 87 22 75 42 84 61 67 1 43 46 98 68 83 73 71 19 53 99 20 61 6 4 72
 1 21 85 32 37 93 19 98 27 95 8 26 73 17 55 89 85 68 25 39 64 63 81 4 30 71 93
 80 69 83 70 76 61 28 68 17 12 45 13
 ---------------------
  0.100000001 150 10 7504
 31 29 31 7 2 18 107 78 78 17 67 73 2 8 75 86 24 40 50 72 107 30 40 50 69 64 13
 6 78 82 93 23 105 65 80 82 53 79 4 2 4 67 5 80 77 27 16 62 58 87 4 86 34 89 41
 3 41 51 39 9 80 9 92 62 18 78 85 11 44 35 90 48 102 44 85 2 4 34 20 53 38 50 79
 54 22 67 47 25 62 78 16 33 53 59 24 45 91 50 14 61 30 70 56 84 69 44 27 63 89
 57 68 9 1 44 106 33 69 17 52 60 5 20 1 65 13 4 4 89 96 26 86 30 63 50 108 22 61
 20 71 75 14 22 89 81 91 83 40 69 60 16
 29 33 29 8 2 21 98 87 71 20 61 82 2 9 69 96 22 45 46 81 98 34 37 56 63 72 12 7
 71 92 85 26 96 73 73 92 49 88 4 3 4 75 5 90 70 31 15 69 53 97 4 96 31 100 38 4
 38 57 36 11 73 11 84 69 17 87 78 13 40 39 82 54 93 50 78 3 4 38 19 60 35 56 72
 61 20 75 43 28 57 87 15 37 49 66 22 51 83 56 13 68 28 78 51 94 63 49 25 71 81
 64 62 11 1 50 97 37 63 19 48 67 5 23 1 73 12 5 4 100 88 30 79 34 58 56 99 25 56
 23 65 84 13 25 81 91 83 93 37 77 55 18
 ---------------------
  0.100000001 200 1 10599
 79 48 7 66 82 8 45 74 1 50 55 38 18 88 71 33 29 89 30 49 62 81 67 47 61 22 13
 79 101 77 51 88 90 86 25 44 96 71 106 10 97 18 106 24 108 11 23 4 7 48 44 39 62
 86 68 67 80 10 57 24 24 56 95 80 74 26 51 81 110 47 18 20 102 67 17 12 38 59
 101 73 58 0 40 59 71 76 13 83 31 84 3 88 88 40 105 60 31 20 13 77 86 50 15 23 2
 35 8 82 35 70 70 72 92 53 27 22 92 38 104 1 2 22 88 13 82 55 11 61 81 69 7 39
 38 13 20 65 19 71 46 36 2 62 108 25 102 71 20 59 78 31 63 55 55 32 88 32 24 89
 8 26 25 26 56 82 84 85 91 51 73 42 7 17 80 54 49 36 83 40 39 35 45 9 67 40 60
 70 103 39 42 22 100 55 14 86 38 75 107 35 92 47
 72 54 7 74 75 9 41 83 1 56 50 43 17 98 65 37 27 99 28 55 57 91 61 53 56 25 12
 88 92 86 47 98 82 96 23 49 88 79 97 12 89 21 97 27 99 13 21 5 7 54 40 44 57 96
 62 75 73 12 52 27 22 63 87 90 68 30 47 91 100 53 17 23 93 75 16 14 35 66 92 82
 53 1 37 66 65 85 12 93 29 94 3 98 80 45 96 67 29 23 12 86 79 56 14 26 2 40 8 92
 32 78 64 81 84 59 25 25 84 43 95 2 2 25 80 15 75 62 10 68 74 77 7 44 35 15 19
 73 18 79 42 41 2 70 99 28 93 79 19 66 71 35 58 62 50 36 80 36 22 100 8 30 23 30
 51 92 77 95 83 57 67 47 7 19 73 61 45 41 76 45 36 40 41 11 61 45 55 78 94 44 39
 25 91 62 13 96 35 84 98 39 84 53
 ---------------------
  0.100000001 200 2 10313
 72 71 69 3 95 62 7 85 78 43 41 67 36 86 91 33 100 71 8 38 9 8 78 29 55 40 77 23
 105 82 16 55 61 77 106 20 77 31 86 80 71 60 69 56 71 74 5 74 64 35 90 48 49 7
 37 4 27 70 8 58 110 65 18 73 92 64 14 63 35 0 36 8 23 62 68 50 71 57 110 41 23
 83 20 28 102 38 50 67 3 23 12 89 4 71 63 51 51 85 2 8 20 37 92 12 22 80 39 12
 17 82 66 45 83 74 60 0 77 35 27 25 28 17 77 20 91 82 28 7 55 65 23 46 53 8 95
 63 19 33 85 83 81 7 56 68 1 83 34 73 106 60 35 35 50 26 99 61 103 68 30 44 80
 89 40 21 20 47 1 0 91 56 78 80 47 53 106 78 81 36 37 14 108 45 89 0 1 19 17 23
 100 31 78 16 60 14 25 77 72 83 88 13
 66 80 63 4 87 69 7 95 71 48 38 75 33 96 83 37 91 79 8 43 9 9 71 33 50 45 70 26
 96 92 15 62 56 86 97 23 70 35 79 90 65 67 63 63 65 83 5 83 59 40 82 54 45 8 34
 5 25 78 8 65 100 73 17 82 84 72 13 71 32 1 33 9 21 69 62 56 65 64 100 46 21 93
 19 32 93 43 46 75 3 26 11 100 4 79 58 57 47 95 2 10 19 42 84 14 20 90 36 14 16
 92 60 51 76 83 55 1 70 39 25 28 26 19 70 23 83 92 26 8 50 73 21 52 49 9 87 71
 18 37 78 93 74 8 51 76 1 93 31 82 97 67 32 40 46 30 90 68 94 76 28 50 73 100 37
 24 19 53 1 1 83 63 71 89 43 59 97 87 74 41 34 16 99 51 81 1 1 22 16 26 91 35 71
 18 55 16 23 86 66 93 80 15
 ---------------------
  0.100000001 200 3 9827
 66 5 20 30 108 26 80 6 45 35 28 6 53 84 1 33 60 53 96 27 67 24 89 11 48 58 30
 57 110 88 91 23 33 68 78 87 57 81 67 61 45 11 31 89 34 47 97 54 12 23 26 57 36
 17 6 31 84 39 70 2 85 74 51 66 110 12 86 45 70 44 53 85 53 56 8 88 104 55 8 8
 97 76 1 88 23 0 88 51 84 52 20 1 30 11 22 42 71 60 101 30 64 25 59 1 41 35 70
 32 110 5 61 18 74 6 93 69 61 31 60 48 55 11 66 27 100 19 46 43 28 62 38 53 69 2
 60 62 19 85 15 40 50 41 3 21 9 6 47 88 25 89 6 16 46 21 110 89 72 46 52 62 25
 62 25 50 67 9 20 40 108 71 38 53 14 51 53 29 79 33 35 82 62 81 1 51 51 59 41 7
 47 40 56 66 106 32 12 79 37 42 83 69
 60 6 19 34 99 29 73 7 41 40 26 7 49 94 1 37 55 59 88 31 61 27 81 13 44 65 28 64
 100 98 83 26 30 76 71 97 52 91 61 68 41 13 29 99 31 53 89 61 11 26 24 64 33 20
 6 35 77 44 64 3 78 83 47 74 100 14 79 51 64 49 49 95 49 63 8 98 95 62 8 10 89
 85 1 98 21 1 80 57 77 58 19 2 28 13 20 47 65 67 92 34 59 28 54 2 38 40 64 36
 100 6 56 21 68 7 85 77 56 35 55 54 50 13 60 31 91 22 42 48 26 69 35 60 63 3 55
 69 18 95 14 45 46 46 3 24 9 7 43 98 23 99 6 18 42 24 100 100 66 52 48 70 23 70
 23 56 61 11 19 45 99 79 35 59 13 57 49 33 72 37 32 92 57 91 1 57 47 66 38 8 43
 45 51 74 97 36 11 88 34 47 76 77
 ---------------------
  0.100000001 200 4 10241
 59 28 82 57 12 80 42 17 12 28 15 35 71 82 20 33 20 35 74 17 14 40 100 83 41 76
 94 1 4 3 56 80 4 59 49 63 37 42 47 41 18 53 104 31 106 20 80 35 69 10 72 66 23
 28 85 58 31 8 22 36 61 83 84 59 17 50 49 27 105 87 71 72 84 51 59 35 27 53 17
 66 62 69 91 57 53 53 15 35 56 80 29 3 57 42 90 33 91 35 90 52 108 12 26 80 61
 80 101 52 92 17 57 81 66 27 16 47 46 27 93 71 81 6 55 35 108 46 63 79 2 58 53
 61 84 87 25 60 19 47 55 87 19 75 60 64 18 18 60 12 53 27 88 86 41 16 11 28 41
 25 74 80 80 35 9 79 3 62 40 80 16 85 108 26 91 49 1 71 77 29 33 61 16 27 23 11
 102 8 66 80 104 49 34 26 42 50 108 80 2 0 79 35
 54 32 75 64 11 89 39 19 11 32 14 39 65 92 19 37 19 39 68 19 13 45 91 93 38 85
 86 2 4 4 51 90 4 66 45 71 34 47 43 46 17 59 95 35 97 23 73 39 63 12 66 74 21 32
 78 65 29 10 20 41 56 93 77 66 16 56 45 31 96 97 65 81 77 57 54 40 25 60 16 74
 57 77 83 64 49 59 14 39 51 90 27 4 52 47 82 37 83 39 82 58 99 14 24 90 56 90 92
 58 84 20 52 91 60 31 15 53 42 31 85 80 74 7 50 39 99 52 58 88 2 65 49 68 77 97
 23 67 18 53 50 97 18 84 55 72 17 21 55 14 49 31 80 96 38 18 10 32 38 28 68 90
 73 40 9 88 3 69 37 89 15 95 99 29 83 55 1 79 70 33 30 68 15 31 21 13 93 10 60
 90 95 55 31 30 39 56 99 90 2 1 72 39
 ---------------------
  0.100000001 200 5 9555
 52 52 34 84 25 44 5 27 89 21 2 63 89 80 40 33 91 17 52 6 71 56 1 65 35 4 48 35
 8 8 20 48 85 50 20 40 17 2 27 21 102 4 67 63 69 83 62 15 16 88 8 75 9 39 55 85
 89 68 83 71 37 2 7 52 35 88 12 9 30 40 89 60 5 45 110 73 60 52 26 34 27 62 71
 26 84 15 52 18 27 19 38 5 83 72 48 24 1 9 79 73 42 89 103 70 81 35 22 71 74 30
 52 54 57 49 49 26 30 24 16 5 107 0 44 42 7 73 81 25 85 54 69 68 100 81 100 58
 19 9 94 44 99 19 7 17 27 31 73 26 82 56 59 66 37 10 22 57 11 3 96 8 25 8 104 17
 49 24 60 29 34 9 69 89 58 47 58 22 74 26 30 39 80 63 45 62 42 48 90 64 51 58 12
 77 89 68 95 82 77 49 74 0
 48 58 31 94 23 49 5 31 81 24 2 71 81 90 37 37 83 19 48 7 65 63 1 73 32 5 44 40
 8 10 19 54 78 56 19 45 16 3 25 24 93 5 61 71 63 93 57 17 15 98 8 84 9 44 50 95
 81 76 76 79 34 3 7 58 32 98 11 11 28 45 81 67 5 51 100 82 55 58 24 38 25 69 65
 30 77 17 48 21 25 22 35 6 76 81 44 27 1 11 72 82 39 100 94 78 74 40 20 80 68 34
 48 61 52 55 45 29 28 27 15 6 98 1 40 47 7 82 74 28 78 61 63 76 91 91 91 65 18
 11 86 49 90 22 7 20 25 35 67 30 75 63 54 74 34 12 20 64 10 4 88 10 23 10 95 20
 45 27 55 33 31 11 63 99 53 53 53 25 68 29 28 44 73 71 41 69 39 54 82 72 47 65
 11 86 81 76 87 92 70 55 68 1
 ---------------------
  0.100000001 200 6 10069
 46 75 95 21 38 8 78 38 56 14 99 2 106 79 60 33 51 89 30 85 18 72 12 47 28 22 2
 70 13 14 95 16 57 41 102 17 107 53 7 1 75 45 29 6 31 56 45 85 73 75 55 84 106
 50 24 22 36 37 35 15 13 11 40 44 52 35 84 81 66 83 106 47 36 40 50 21 93 50 35
 1 102 54 51 86 5 67 90 2 108 48 47 7 110 13 6 15 20 74 68 5 86 77 70 59 101 80
 52 1 57 43 48 27 48 71 82 4 15 20 49 28 24 85 33 49 16 10 99 61 59 51 84 75 5
 76 64 56 19 62 24 0 68 53 64 61 36 44 86 41 1 85 30 46 33 5 33 86 90 71 8 26 80
 71 89 46 95 76 80 69 51 24 29 62 25 45 5 63 72 22 28 17 34 9 67 22 93 88 4 48
 108 67 100 37 25 86 82 84 41 8 70 56
 42 84 87 24 35 9 71 43 51 16 90 3 97 88 55 37 47 99 28 95 17 81 11 53 26 25 2
 78 12 16 87 18 52 46 93 19 98 59 7 2 69 51 27 7 29 63 41 95 67 84 50 94 97 56
 22 25 33 42 32 17 12 13 37 50 48 40 77 91 60 93 97 53 33 45 46 24 85 56 32 2 93
 61 47 96 5 75 82 3 99 54 43 8 100 15 6 17 19 83 62 6 79 86 64 66 92 90 48 2 52
 48 44 31 44 79 75 5 14 23 45 32 22 95 30 55 15 12 90 68 54 57 77 84 5 85 59 63
 18 69 22 1 62 60 59 68 33 49 79 46 1 95 28 52 30 6 30 96 82 80 8 30 73 80 81 52
 87 85 73 77 47 27 27 69 23 51 5 71 66 25 26 20 31 11 61 25 85 98 4 54 99 75 91
 42 23 96 75 94 38 9 64 63
 ---------------------
  0.100000001 200 7 9983
 39 8 47 48 51 62 40 49 23 7 85 31 14 77 80 33 12 71 8 74 75 89 23 29 22 40 66
 14 17 19 60 73 28 32 73 83 88 13 97 71 49 87 102 38 104 29 27 65 20 62 101 3 93
 61 103 49 93 7 96 49 99 20 73 37 70 73 47 63 101 36 14 35 67 35 101 59 16 48 44
 59 67 47 31 55 36 29 17 76 80 77 56 8 26 44 74 6 40 49 57 26 20 64 37 48 11 35
 83 21 39 55 44 0 39 2 5 72 110 17 82 52 50 80 22 56 25 37 6 7 33 47 100 82 20
 71 29 54 19 24 63 47 37 88 12 14 45 56 100 55 29 24 2 26 28 89 44 25 59 50 30
 44 25 44 73 75 31 38 100 18 69 38 100 35 102 44 62 15 70 18 26 86 97 45 89 72
 34 37 28 32 56 76 78 88 71 14 69 86 6 56 66 22
 36 10 43 54 47 69 37 55 21 8 78 35 13 86 73 37 11 79 8 83 69 99 21 33 20 45 60
 16 16 22 55 82 26 36 67 93 80 15 89 80 45 97 93 43 95 33 25 73 19 70 92 4 85 68
 94 55 85 8 88 55 90 23 67 42 64 82 43 71 92 41 13 39 61 39 92 66 15 54 40 66 61
 53 29 62 33 33 16 85 73 86 51 10 24 49 68 7 37 55 52 30 19 72 34 54 10 40 76 24
 36 62 40 1 36 3 5 81 100 19 75 58 46 89 20 63 23 42 6 8 30 53 91 92 19 79 27 61
 18 27 58 53 34 98 11 16 41 63 91 62 27 27 2 30 26 100 40 28 54 56 28 50 23 50
 67 84 29 43 91 21 63 43 91 39 93 49 57 17 64 21 24 96 89 51 81 81 31 42 26 36
 51 85 71 98 65 16 63 96 6 63 60 25
 ---------------------
  0.100000001 200 8 9797
 33 32 108 75 64 26 3 60 100 89 72 60 31 75 100 33 82 53 96 63 23 15 34 11 15 58
 19 48 22 25 25 41 110 23 45 60 68 63 78 52 23 38 64 71 67 2 9 45 78 50 37 12 80
 71 72 76 40 66 48 83 74 29 106 30 88 21 9 45 26 80 31 22 97 29 41 7 49 46 52 26
 31 40 12 25 67 81 55 60 51 16 64 10 52 74 33 87 60 24 46 48 64 52 4 37 30 80 4
 41 22 68 39 63 30 24 38 51 94 13 5 75 77 74 11 63 34 64 24 43 6 44 5 89 36 65
 104 53 19 76 103 4 6 32 69 57 53 69 3 70 58 53 83 7 24 84 55 53 28 28 52 62 80
 17 58 14 78 0 9 58 86 53 60 8 69 42 9 56 68 15 24 64 51 81 1 33 84 77 52 16 3
 85 56 48 7 32 56 88 81 15 61 78
 30 36 99 84 59 29 3 67 91 100 66 67 29 84 91 37 75 59 88 71 21 17 31 13 14 65
 18 54 20 28 23 46 100 26 41 67 62 71 71 58 21 43 59 79 61 3 9 51 71 56 34 14 73
 80 66 85 37 74 44 93 68 33 97 34 80 24 9 51 24 89 29 25 89 33 38 8 45 52 48 30
 29 45 11 28 61 91 50 67 47 18 59 12 48 83 30 97 55 27 42 54 59 58 4 42 28 90 4
 46 20 76 36 71 28 27 35 57 86 15 5 84 70 83 10 71 31 72 22 48 6 49 5 100 33 73
 95 59 18 85 94 5 6 36 63 64 49 77 3 78 53 59 76 8 22 94 50 60 26 32 48 70 73 20
 53 16 71 1 9 65 79 59 55 9 63 47 9 63 62 17 22 72 47 91 1 37 77 86 48 18 3 95
 51 54 7 36 51 98 74 17 56 87
 ---------------------
  0.100000001 200 9 10511
 26 55 60 12 78 80 75 71 67 82 59 89 49 73 9 33 42 35 74 53 80 31 45 83 8 76 83
 82 26 30 100 8 81 14 16 36 48 24 58 32 106 80 27 13 29 65 102 26 25 37 83 21 67
 82 41 13 97 35 110 27 50 38 29 23 105 59 82 27 61 33 49 9 18 24 92 44 82 44 61
 84 106 33 102 84 97 44 92 44 23 44 73 12 79 15 101 78 80 89 35 70 108 39 81 26
 50 35 35 61 4 80 35 36 22 45 71 29 79 9 38 8 103 69 110 71 42 1 41 79 90 40 20
 7 51 60 69 51 19 38 33 51 85 66 16 10 62 81 16 84 86 81 55 77 19 79 66 82 107 7
 74 80 25 80 42 43 14 53 29 8 104 67 20 71 36 40 67 8 66 11 22 43 5 27 23 83 25
 26 77 89 60 4 34 8 53 50 42 89 46 63 57 44
 24 62 55 14 71 89 69 79 61 92 54 99 45 82 9 37 39 39 68 59 73 35 41 93 8 85 76
 92 24 34 91 10 74 16 15 41 44 27 53 36 97 89 25 15 27 73 93 29 23 42 76 24 61
 92 38 15 89 40 100 31 46 43 27 26 96 66 75 31 56 37 45 11 17 27 84 50 75 50 56
 94 97 37 93 94 89 49 84 49 21 50 67 14 72 17 92 87 73 99 32 78 99 44 74 30 46
 40 32 68 4 90 32 41 20 51 65 33 72 11 35 10 94 77 100 79 39 2 38 88 82 45 19 8
 47 67 63 57 18 43 30 57 78 74 15 12 57 91 15 94 79 91 50 86 18 88 60 92 98 8 68
 90 23 90 39 48 13 59 27 9 95 75 19 79 33 45 61 9 60 13 20 48 5 31 21 93 23 30
 70 100 55 5 31 10 49 56 39 100 42 71 52 49
 ---------------------
  0.100000001 200 10 9025
 19 79 12 39 91 44 38 81 34 75 46 27 67 71 29 33 3 17 52 42 27 47 56 65 2 4 37
 26 30 35 64 66 52 5 97 13 28 74 38 12 80 31 100 45 102 38 84 6 82 25 19 30 53 3
 11 40 45 5 61 62 26 47 62 16 13 7 45 9 96 76 67 87 49 18 33 82 5 43 70 52 71 26
 82 53 18 6 19 27 104 73 82 14 105 45 59 69 100 63 24 1 42 26 48 16 70 80 66 80
 96 3 30 9 13 67 104 8 63 6 71 32 19 63 99 78 51 28 59 25 63 36 36 14 67 54 34
 49 19 0 72 8 55 10 73 53 71 4 29 8 5 20 26 57 15 73 77 21 77 75 96 8 80 53 27
 71 60 15 49 47 12 81 91 44 3 38 14 49 63 8 19 21 69 63 45 44 75 66 101 73 7 13
 12 59 100 68 29 1 11 22 52 9
 18 88 11 44 83 49 35 91 31 84 42 31 61 80 27 37 3 19 48 47 25 53 51 73 2 5 34
 30 28 40 59 74 48 6 89 15 26 83 35 14 73 35 91 51 93 43 77 7 75 28 18 34 49 4
 10 45 41 6 56 69 24 53 57 18 12 8 41 11 88 85 61 97 45 21 30 92 5 48 64 58 65
 29 75 60 17 7 18 31 95 82 75 16 96 51 54 77 91 71 22 2 39 30 44 18 64 90 60 90
 88 4 28 11 12 75 95 9 58 7 65 36 18 71 90 87 47 32 54 28 58 41 33 16 61 61 31
 55 18 1 66 9 50 12 67 60 65 5 27 10 5 23 24 64 14 82 70 24 70 84 88 10 73 60 25
 80 55 17 45 53 11 91 83 49 3 43 13 55 58 9 18 24 63 71 41 49 69 74 92 82 7 15
 11 66 91 76 27 2 10 25 48 11
 ---------------------
  0.200000003 25 1 1454
 94 77 32 0 20 33 109 27 62 79 112 51 90 73 57 63 51 12 54 19 100 70 96 47 21
 79 97 27 1 17 42 91 35 52 100 94 65 75 92 48 80 43 16 45 25 84 88 80 60 18
 ---------------------
  0.200000003 25 2 1231
 90 15 24 15 48 73 86 77 39 14 97 18 12 24 27 62 45 27 49 79 54 45 20 63 104
 75 19 20 19 40 92 72 97 33 18 81 23 10 31 23 78 38 35 41 100 45 57 17 80 87
 ---------------------
  0.200000003 25 3 1308
 85 32 15 29 75 33 63 47 16 28 81 64 54 55 117 60 39 43 44 59 7 20 64 79 67
 71 41 13 37 63 42 53 59 14 36 68 81 45 70 98 76 33 54 37 75 6 26 54 100 56
 ---------------------
  0.200000003 25 4 1393
 80 50 7 43 103 73 40 16 114 43 66 31 96 7 87 59 33 58 39 39 80 75 109 15 30
 67 63 6 55 86 92 34 21 95 54 55 39 80 9 73 74 28 73 33 50 67 95 91 20 25
 ---------------------
  0.200000003 25 5 1362
 75 67 118 58 10 33 18 66 91 57 50 77 18 38 57 57 27 73 34 19 33 51 33 31 112
 63 85 99 73 9 42 15 83 76 72 42 97 15 48 48 72 23 92 29 25 28 64 28 40 94
 ---------------------
  0.200000003 25 6 1439
 70 5 110 72 38 73 115 35 68 71 34 43 60 69 27 55 21 8 30 79 106 26 78 47 75
 59 7 92 91 32 92 96 45 57 90 29 55 50 87 23 70 18 11 25 100 89 33 65 60 63
 ---------------------
  0.200000003 25 7 1053
 66 23 102 7 66 33 92 5 45 6 19 10 102 20 117 54 15 23 25 59 60 1 2 63 38
 55 29 85 9 55 42 77 7 38 8 16 13 85 26 98 68 13 30 21 75 50 2 2 80 32
 ---------------------
  0.200000003 25 8 1193
 61 40 93 21 93 73 69 55 22 20 3 56 24 51 87 52 9 39 20 39 13 56 46 79 1
 51 51 78 27 78 92 58 69 19 26 3 71 20 65 73 66 8 49 17 50 11 71 39 100 1
 ---------------------
  0.200000003 25 9 1199
 56 58 85 35 1 33 46 24 120 35 108 23 66 3 57 51 3 54 15 19 86 31 91 15 84
 47 73 71 45 1 42 39 31 100 44 90 29 55 4 48 64 3 68 13 25 72 40 76 20 70
 ---------------------
  0.200000003 25 10 1447
 51 75 76 50 28 73 24 74 97 49 92 69 108 34 27 49 117 69 10 79 39 7 15 31 46
 43 95 64 63 24 92 20 93 81 62 77 87 90 43 23 62 98 87 9 100 33 9 13 40 39
 ---------------------
  0.200000003 50 1 2750
 69 36 31 8 56 70 40 47 120 19 85 31 108 25 92 25 28 68 34 28 67 43 120 10 51 79
 38 5 40 79 66 9 75 36 108 5 118 43 103 71 111 29 6 58 56 71 61 70 99 3
 58 46 26 11 47 88 34 59 100 25 71 40 90 32 77 32 24 86 29 36 56 54 100 13 43
 100 32 7 34 100 55 12 63 46 90 7 99 55 86 89 93 37 5 73 47 89 51 88 83 4
 ---------------------
  0.200000003 50 2 2528
 84 30 52 47 27 20 69 42 14 32 106 51 19 76 116 68 62 39 61 67 36 19 4 5 97 23
 62 26 117 79 44 44 109 33 24 23 32 8 69 47 114 43 25 18 85 27 80 65 61 23
 70 38 44 59 23 26 58 53 12 41 89 64 16 96 97 86 52 50 51 84 30 24 4 7 81 30 52
 33 98 100 37 56 91 42 20 29 27 11 58 59 95 55 21 23 71 35 67 82 51 30
 ---------------------
  0.200000003 50 3 2634
 98 23 74 5 118 51 98 37 28 45 8 70 50 47 20 31 96 11 87 25 4 75 9 0 22 47 86 47
 74 79 22 79 22 30 60 40 66 53 36 23 116 58 44 58 114 64 99 60 22 44
 82 30 62 7 99 64 82 47 24 57 7 88 42 60 17 40 80 14 73 32 4 94 8 1 19 60 72 59
 62 100 19 100 19 38 50 51 55 67 30 29 97 73 37 73 95 81 83 76 19 56
 ---------------------
  0.200000003 50 4 2840
 112 17 96 43 90 1 7 32 43 58 30 9 81 19 44 75 9 62 114 63 93 51 14 75 68 71 110
 67 31 79 1 35 56 27 96 58 99 18 2 79 118 72 63 18 22 21 118 55 104 65
 94 22 80 55 75 2 6 41 36 73 25 12 68 24 37 94 8 78 95 80 78 64 12 95 57 90 92
 85 26 100 1 44 47 34 80 73 83 23 2 99 99 91 53 23 19 27 99 70 87 82
 ---------------------
  0.200000003 50 5 2446
 7 11 117 2 61 31 36 27 57 71 51 28 112 70 68 38 43 33 20 22 62 27 19 71 114 15
 14 8 108 79 99 70 90 23 12 75 13 63 88 55 1 7 82 58 51 58 18 51 66 6
 6 14 98 3 51 40 30 35 48 89 43 36 94 88 57 48 36 42 17 28 52 34 16 89 95 20 12
 11 90 100 83 88 75 30 10 95 11 79 74 69 1 9 69 73 43 73 15 64 55 8
 ---------------------
  0.200000003 50 6 1952
 21 4 19 40 32 62 64 23 72 3 73 47 24 41 92 1 76 4 46 60 31 3 24 66 39 39 38 29
 64 79 78 25 3 20 48 13 46 27 55 31 3 21 102 18 80 15 37 46 27 27
 18 6 16 51 27 78 54 29 60 5 61 60 20 52 77 2 64 6 39 76 26 4 20 83 33 50 32 37
 54 100 65 32 3 26 40 17 39 35 46 39 3 27 85 23 67 19 31 58 23 34
 ---------------------
  0.200000003 50 7 2758
 36 78 40 79 3 12 93 18 86 16 94 67 55 12 116 44 110 55 73 19 120 59 28 61 85 63
 62 50 21 79 56 60 37 17 84 31 80 72 21 7 6 35 1 58 109 51 56 41 109 47
 30 98 34 99 3 16 78 23 72 21 79 84 46 16 97 56 92 70 61 24 100 74 24 77 71 80
 52 63 18 100 47 76 31 22 70 39 67 91 18 9 5 45 1 73 91 65 47 52 91 60
 ---------------------
  0.200000003 50 8 2564
 50 71 62 37 94 43 2 13 100 29 116 6 86 63 20 7 24 27 99 57 88 35 33 56 10 7 86
 71 98 79 34 15 70 14 120 48 114 37 108 63 8 50 20 18 18 8 75 36 70 68
 42 90 52 47 79 54 2 17 84 37 97 8 72 80 17 10 20 34 83 72 74 44 28 71 9 10 72
 89 82 100 29 20 59 18 100 61 95 47 90 79 7 63 17 23 15 11 63 46 59 86
 ---------------------
  0.200000003 50 9 2470
 64 65 84 75 66 73 31 8 115 42 18 25 117 35 44 51 57 78 6 15 57 11 38 51 56 31
 110 11 55 79 13 51 104 11 36 66 27 2 74 39 10 64 39 58 46 45 94 31 32 9
 54 82 70 95 55 92 26 11 96 53 15 32 98 44 37 64 48 98 5 20 48 14 32 65 47 40 92
 15 46 100 11 64 87 14 30 83 23 3 62 49 9 81 33 73 39 57 79 40 27 12
 ---------------------
  0.200000003 50 10 2276
 79 59 105 34 37 23 60 3 9 55 39 44 28 6 68 14 91 49 32 54 26 67 43 47 102 55 14
 32 12 79 111 6 18 7 72 3 61 47 40 15 13 79 58 18 75 2 114 27 114 30
 66 74 88 43 31 30 50 5 8 69 33 56 24 8 57 18 76 62 27 68 22 84 36 59 85 70 12
 41 10 100 93 8 15 10 60 5 51 59 34 19 11 99 49 23 63 3 95 34 95 38
 ---------------------
  0.200000003 75 1 4381
 117 51 96 43 99 64 19 73 97 54 114 51 42 26 108 27 108 44 67 60 61 43 62 19 15
 63 72 39 93 65 120 0 108 39 7 26 120 35 66 56 34 6 33 77 28 72 54 31 103 64 3
 48 69 68 21 78 91 25 58 40 98 57 45 8 48 70 44 31 12 79 109 40 85 60 88
 98 65 80 54 83 81 16 92 81 68 95 64 35 33 90 35 90 56 56 76 51 54 52 24 13 79
 60 49 78 82 100 1 90 49 6 33 100 45 55 71 29 8 28 97 24 91 45 40 86 81 3 61 58
 86 18 98 76 32 49 51 82 72 38 11 40 88 37 39 10 100 91 51 71 76 74
 ---------------------
  0.200000003 75 2 3462
 25 7 76 3 8 66 14 19 69 39 12 12 21 76 73 27 62 55 79 29 69 3 115 14 14 76 37 3
 114 29 58 38 2 11 109 3 99 19 93 12 120 68 2 75 86 74 93 15 74 79 61 63 98 66 9
 59 9 40 18 3 1 71 57 34 60 19 18 19 30 55 69 26 10 53 104
 21 9 64 5 7 83 12 25 58 49 10 16 18 96 61 35 52 70 66 37 58 5 96 18 12 96 31 4
 95 37 49 48 2 14 91 4 83 24 78 16 100 86 2 94 72 93 78 20 62 100 51 80 82 83 8
 74 8 51 15 4 1 89 48 43 50 25 15 25 25 69 58 33 9 67 87
 ---------------------
  0.200000003 75 3 3843
 52 42 57 44 37 67 9 46 42 23 30 54 1 47 38 27 16 67 91 78 78 44 48 9 13 10 2 47
 14 73 117 75 16 63 91 59 79 2 1 48 85 51 91 72 24 75 13 79 45 15 118 79 7 63
 117 39 48 55 97 45 24 4 69 59 72 49 111 8 48 30 30 11 56 46 120
 44 53 48 56 31 85 8 58 35 30 25 68 1 59 32 35 14 84 76 98 65 56 40 12 11 13 2
 59 12 92 98 95 14 79 76 75 66 3 1 61 71 64 76 91 20 95 11 100 38 19 99 99 6 80
 98 50 40 70 81 57 20 6 58 75 60 62 93 11 40 38 25 15 47 58 100
 ---------------------
  0.200000003 75 4 3724
 80 77 38 5 66 69 4 72 14 8 48 15 100 17 3 27 91 78 103 47 86 5 100 4 12 23 87
 11 34 37 56 33 31 35 73 36 58 65 28 4 50 33 60 70 81 77 52 63 16 30 56 14 36 61
 105 20 86 71 56 7 46 18 81 5 84 79 85 77 66 5 110 77 102 39 15
 67 97 32 7 55 87 4 91 12 11 40 20 84 22 3 35 76 98 86 59 72 7 84 6 10 30 73 14
 29 47 47 42 26 44 61 46 49 82 24 6 42 42 50 88 68 97 44 80 14 38 47 18 30 77 88
 26 72 89 47 10 39 23 68 7 70 99 71 97 55 7 92 97 85 49 13
 ---------------------
  0.200000003 75 5 4005
 108 32 19 46 94 71 120 19 106 73 66 57 80 67 88 27 45 9 115 15 94 46 33 79 10
 37 52 55 55 1 115 71 45 7 55 13 38 48 56 40 15 15 28 67 19 79 92 47 108 45 114
 29 64 59 93 1 4 6 15 50 69 31 93 31 96 28 58 66 84 60 70 63 27 31 31
 90 41 16 58 79 89 100 24 89 92 55 72 67 85 74 35 38 12 96 20 79 58 28 100 9 47
 44 69 46 2 96 89 38 9 46 17 32 61 47 51 13 20 24 85 16 99 77 60 90 57 95 37 54
 74 78 2 4 8 13 63 58 40 78 39 80 36 49 83 70 76 59 79 23 40 26
 ---------------------
  0.200000003 75 6 4186
 15 67 120 7 3 72 115 45 79 58 84 19 60 38 54 27 120 20 7 64 103 7 86 75 9 51 18
 19 75 45 54 28 60 59 37 70 18 31 84 76 100 78 117 65 76 0 12 31 79 60 51 44 93
 56 81 62 43 21 94 12 92 45 105 56 108 58 32 55 102 35 31 48 73 24 46
 13 85 100 9 3 91 96 57 66 73 70 24 50 48 45 35 100 26 6 81 86 9 72 94 8 64 15
 24 63 57 45 36 50 74 31 88 15 40 70 96 84 98 98 82 64 1 10 40 66 76 43 56 78 71
 68 78 36 27 79 16 77 57 88 71 90 73 27 69 85 45 26 61 61 31 39
 ---------------------
  0.200000003 75 7 4206
 43 23 100 47 32 74 110 71 51 43 102 60 39 8 19 27 74 31 19 33 111 47 19 70 8 64
 103 63 96 9 112 66 74 31 19 47 117 15 111 32 66 60 86 63 14 2 51 15 50 75 109
 59 2 54 69 43 81 36 54 55 115 59 117 2 120 7 6 43 120 11 111 34 118 17 62
 36 29 84 60 27 93 92 90 43 54 85 76 33 11 16 35 62 40 16 42 93 60 16 88 7 81 86
 79 80 12 94 83 62 39 16 59 98 19 93 41 55 76 72 79 12 3 43 20 42 95 91 75 2 68
 58 54 68 46 45 69 96 74 98 3 100 10 5 55 100 14 93 43 99 22 52
 ---------------------
  0.200000003 75 8 3648
 70 58 81 8 61 75 105 18 24 27 120 22 19 59 104 27 28 43 31 2 120 8 72 65 7 78
 68 27 116 53 51 23 88 3 1 23 97 78 19 68 31 43 55 60 72 3 91 79 21 11 46 75 31
 51 57 23 120 51 13 17 18 72 9 27 12 37 99 32 18 66 72 19 44 10 78
 59 73 68 11 51 95 88 23 20 35 100 28 16 74 87 35 24 54 26 3 100 11 60 82 6 98
 57 34 97 67 43 30 74 4 1 30 81 98 16 86 26 54 46 76 60 5 76 100 18 14 39 94 26
 65 48 30 100 65 11 22 15 91 8 35 10 47 83 41 15 83 60 25 37 13 65
 ---------------------
  0.200000003 75 9 3731
 98 13 62 49 90 77 100 44 116 12 18 63 118 29 69 27 103 54 43 51 8 49 4 60 6 11
 33 71 16 17 110 61 103 55 103 0 76 61 46 24 116 25 24 58 9 5 10 63 112 26 104
 10 60 49 45 4 38 67 92 59 40 6 21 53 24 67 73 21 36 41 32 5 90 3 93
 82 17 52 62 75 97 84 56 97 16 15 80 99 37 58 35 86 68 36 64 7 62 4 76 5 15 28
 89 14 22 92 77 86 69 86 1 64 77 39 31 97 32 20 73 8 7 9 80 94 33 87 13 50 62 38
 6 32 84 77 75 34 8 18 67 20 84 61 27 30 52 27 7 75 4 78
 ---------------------
  0.200000003 75 10 3910
 6 48 43 10 118 79 96 71 88 77 36 25 98 79 34 27 57 65 55 19 16 10 57 55 4 25
 118 35 37 61 49 19 117 27 85 57 56 44 74 60 81 7 112 55 67 7 50 47 84 41 42 25
 88 47 33 65 76 2 51 22 63 19 33 79 36 16 46 10 54 16 112 71 15 75 109
 5 61 36 13 99 99 80 89 74 97 30 32 82 100 29 35 48 82 46 25 14 13 48 70 4 32 99
 44 31 77 41 24 98 34 71 72 47 56 62 76 68 10 94 70 56 9 42 60 70 52 35 32 74 59
 28 82 64 3 43 28 53 25 28 99 30 21 39 13 45 21 94 89 13 95 91
 ---------------------
  0.200000003 100 1 4505
 22 27 79 67 57 71 24 3 85 1 66 8 9 43 12 53 75 0 18 18 96 35 20 58 54 69 7 12
 90 45 118 10 76 12 15 58 51 31 114 27 33 48 28 59 8 33 21 11 62 43 24 32 31 17
 67 5 85 40 87 60 57 64 13 29 90 75 105 27 58 55 60 39 60 49 4 31 24 76 21 31 20
 44 52 79 12 15 3 22 50 15 103 7 110 21 103 63 14 50 85 54
 19 34 66 85 48 90 20 5 71 2 55 11 8 55 10 67 63 1 15 23 80 45 17 73 45 87 6 16
 75 57 99 13 64 16 13 73 43 40 95 35 28 61 24 74 7 42 18 14 52 54 20 41 26 22 56
 7 71 51 73 76 48 81 11 37 75 95 88 35 49 69 50 50 50 62 4 40 20 96 18 39 17 56
 44 100 10 19 3 28 42 19 86 9 92 27 86 79 12 63 71 68
 ---------------------
  0.200000003 100 2 5395
 99 20 117 64 81 46 115 77 70 4 56 53 105 24 108 66 80 39 42 11 43 16 1 48 34 56
 50 9 56 16 94 39 19 54 73 39 70 63 42 79 62 45 91 36 13 75 45 46 76 27 24 71
 112 20 81 27 13 24 25 15 120 13 75 48 66 72 110 34 25 77 55 7 103 1 115 38 33
 60 112 75 73 9 110 22 26 50 104 44 16 56 69 13 72 31 64 34 86 59 61 51
 83 26 98 81 68 58 96 97 59 6 47 67 88 31 90 83 67 49 35 15 36 21 1 61 29 71 42
 12 47 21 79 49 16 68 61 49 59 80 35 99 52 57 76 46 11 94 38 58 64 34 20 89 94
 26 68 35 11 31 21 20 100 17 63 61 55 91 92 43 21 97 46 10 86 2 96 48 28 76 94
 95 61 12 92 28 22 63 87 56 14 71 58 17 60 39 54 43 72 75 51 64
 ---------------------
  0.200000003 100 3 4972
 56 14 36 61 105 20 86 71 56 7 46 18 81 5 84 79 85 77 66 5 110 77 102 39 15 43
 93 6 22 67 70 67 81 15 10 19 90 15 90 50 91 42 33 14 18 36 69 1 91 11 24 29 74
 23 96 50 61 8 82 51 62 42 18 67 42 69 115 40 111 19 50 55 26 33 105 44 43 44 84
 40 6 54 48 44 40 5 85 67 103 18 36 19 33 40 26 5 38 69 37 47
 47 18 30 77 88 26 72 89 47 10 39 23 68 7 70 99 71 97 55 7 92 97 85 49 13 55 78
 8 19 85 59 85 68 20 9 25 75 20 75 63 76 53 28 18 15 46 58 2 76 14 20 37 62 30
 80 63 51 11 69 64 52 53 15 85 35 87 96 51 93 25 42 70 22 42 88 56 36 56 70 51 5
 68 40 56 34 7 71 84 86 23 30 25 28 51 22 7 32 87 31 60
 ---------------------
  0.200000003 100 4 5445
 13 7 74 58 9 75 57 64 42 11 37 63 57 66 60 11 90 35 90 79 57 58 82 29 116 31 16
 3 109 39 46 16 24 57 68 0 109 47 18 21 120 39 96 71 22 78 93 36 105 75 24 67 36
 27 110 72 109 72 20 6 4 71 80 7 18 66 120 47 78 42 45 23 69 65 96 51 52 28 55 5
 58 19 105 67 55 40 66 9 69 59 2 26 115 50 108 56 110 79 13 44
 11 10 62 73 8 94 48 81 35 14 31 79 48 83 50 15 75 45 75 99 48 73 69 37 97 39 14
 4 91 49 39 21 20 72 57 1 91 60 15 27 100 49 80 90 19 98 78 46 88 94 20 85 30 34
 92 91 91 91 17 8 4 89 67 9 15 83 100 59 65 53 38 30 58 82 80 64 44 36 46 7 49
 24 88 84 46 51 55 12 58 75 2 33 96 63 90 71 92 99 11 56
 ---------------------
  0.200000003 100 5 5125
 90 1 112 55 33 49 28 58 27 14 27 27 33 47 36 24 94 74 114 72 4 39 63 19 97 18
 60 79 75 10 22 45 86 19 6 61 8 79 66 72 28 35 38 49 27 39 117 71 120 59 24 26
 117 30 4 15 37 56 78 41 67 19 22 26 114 63 4 53 44 64 40 71 112 17 86 57 62 12
 26 50 111 63 43 9 69 75 46 31 36 21 88 32 76 59 69 27 62 8 109 41
 75 2 94 69 28 62 24 73 23 18 23 35 28 59 30 31 79 93 95 91 4 49 53 25 81 23 50
 100 63 13 19 57 72 24 5 77 7 100 55 91 24 45 32 62 23 50 98 90 100 74 20 33 98
 38 4 19 31 71 65 52 56 25 19 33 95 79 4 67 37 81 34 90 94 22 72 72 52 16 22 63
 93 80 36 12 58 95 39 40 30 27 74 41 64 75 58 35 52 11 91 52
 ---------------------
  0.200000003 100 6 4905
 46 75 31 51 57 23 120 51 13 17 18 72 9 27 12 37 99 32 18 66 72 19 44 10 78 5
 103 76 42 61 118 74 28 60 63 42 27 31 114 43 57 32 100 27 32 1 21 27 14 43 24
 64 79 33 19 37 85 40 15 76 9 48 85 45 90 59 9 59 10 7 36 39 36 49 76 63 72 76
 117 15 44 28 100 31 84 31 27 54 2 63 55 39 38 69 31 79 14 18 85 38
 39 94 26 65 48 30 100 65 11 22 15 91 8 35 10 47 83 41 15 83 60 25 37 13 65 7 86
 96 35 77 99 93 24 76 53 53 23 40 95 55 48 41 84 34 27 2 18 34 12 54 20 81 66 42
 16 47 71 51 13 96 8 61 71 57 75 75 8 75 9 9 30 50 30 62 64 80 60 96 98 19 37 36
 84 40 70 39 23 68 2 79 46 49 32 87 26 99 12 23 71 48
 ---------------------
  0.200000003 100 7 5185
 3 68 69 48 81 78 91 45 118 20 8 37 105 8 108 50 104 71 42 59 19 0 25 0 58 72 26
 73 8 32 94 23 91 22 1 23 46 63 42 15 86 29 43 4 37 43 45 62 28 27 24 23 40 36
 33 59 13 24 73 31 72 77 27 64 66 56 14 66 97 29 31 7 79 1 67 70 81 60 88 59 97
 73 38 54 98 66 8 76 88 24 21 45 120 79 112 50 86 27 61 35
 3 86 58 61 68 98 76 57 99 26 7 47 88 11 90 63 87 89 35 75 16 1 21 1 49 91 22 92
 7 41 79 29 76 28 1 29 39 80 35 19 72 37 36 6 31 54 38 78 24 34 20 29 34 46 28
 75 11 31 61 40 60 97 23 81 55 71 12 83 81 37 26 10 66 2 56 88 68 76 74 75 81 92
 32 68 82 83 7 96 74 31 18 57 100 99 94 63 72 35 51 44
 ---------------------
  0.200000003 100 8 5265
 80 62 108 45 105 52 62 39 104 23 118 2 81 69 84 63 109 29 66 53 86 61 6 71 39
 59 69 70 94 3 70 51 33 63 58 3 66 15 90 66 115 26 105 62 42 4 69 17 43 11 24 61
 2 39 48 2 61 8 10 67 14 26 90 3 42 53 19 72 63 51 26 55 2 33 57 76 91 44 60 24
 30 38 96 76 112 21 109 19 55 66 108 51 81 8 74 21 38 37 37 31
 67 78 90 57 88 66 52 49 87 30 99 3 68 87 70 79 91 37 55 67 72 77 5 89 33 75 58
 88 79 5 59 65 28 80 49 5 55 20 75 83 96 33 88 78 35 6 58 22 36 14 20 77 2 50 40
 3 51 11 9 84 12 33 75 5 35 67 16 91 53 65 22 70 2 42 48 96 76 56 50 31 25 48 80
 96 94 27 91 24 46 83 90 65 68 11 62 27 32 47 31 40
 ---------------------
  0.200000003 100 9 5145
 37 55 26 42 9 27 33 32 90 27 109 47 57 50 60 75 114 67 90 47 33 42 106 61 20 47
 112 67 61 55 46 0 96 25 116 64 85 47 18 37 24 23 48 39 46 46 93 52 57 75 24 19
 84 43 62 24 109 72 68 22 76 55 32 23 18 50 24 79 30 74 21 23 45 65 48 3 100 28
 31 69 82 3 33 19 7 56 90 41 21 27 74 58 43 18 36 72 110 47 13 28
 31 70 22 53 8 34 28 41 75 34 91 59 48 63 50 95 95 85 75 59 28 53 89 77 17 59 94
 84 51 69 39 1 80 32 97 81 71 60 15 47 20 29 40 50 39 58 78 66 48 94 20 25 70 54
 52 31 91 91 57 28 64 69 27 29 15 63 20 99 25 93 18 30 38 82 40 4 84 36 26 87 69
 4 28 24 6 71 75 52 18 35 62 73 36 23 30 91 92 59 11 36
 ---------------------
  0.200000003 100 10 4838
 114 49 64 39 33 1 4 26 75 30 99 11 33 31 36 8 118 26 114 40 100 23 87 51 1 34
 36 63 27 26 22 29 38 67 54 45 104 79 66 8 52 19 110 17 51 7 117 7 72 59 24 58
 45 46 76 47 37 56 6 57 19 3 94 42 114 47 28 5 116 16 16 71 88 17 38 9 110 12 2
 34 15 47 91 41 21 11 70 63 108 69 40 64 4 27 117 43 62 56 109 25
 95 62 54 49 28 2 4 33 63 38 83 15 28 39 30 11 99 33 95 51 84 29 73 65 1 43 30
 80 23 33 19 37 32 84 45 57 87 100 55 11 44 25 92 22 43 10 98 10 60 74 20 73 38
 58 64 59 31 71 5 72 16 5 79 53 95 59 24 7 97 21 14 90 74 22 32 12 92 16 2 43 13
 60 76 52 18 15 59 80 90 87 34 81 4 35 98 55 52 71 91 32
 ---------------------
  0.200000003 150 1 7846
 100 6 46 2 86 0 117 29 43 3 49 77 74 3 100 20 38 75 49 40 111 59 116 0 111 33
 92 65 91 1 84 68 67 26 45 5 100 2 118 10 118 3 54 47 78 4 48 27 15 49 82 76 109
 71 117 79 63 5 79 52 21 76 46 19 8 29 63 2 48 63 104 79 99 63 99 78 100 6 4 75
 108 56 20 8 102 59 57 26 32 1 66 65 76 16 32 0 27 52 93 54 27 26 37 15 87 79 96
 64 7 19 62 16 97 51 14 29 39 15 117 5 18 70 31 58 68 43 82 51 9 67 22 3 3 64 52
 55 109 42 120 39 51 23 43 16 105 54 68 73 78 58
 84 8 39 3 72 1 98 37 36 5 41 97 62 4 84 26 32 95 41 51 93 74 97 1 93 42 77 82
 76 2 70 86 56 33 38 7 84 3 99 13 99 5 45 60 65 6 40 34 13 62 69 96 91 90 98 99
 53 7 66 66 18 96 39 24 7 37 53 3 40 79 87 99 83 80 83 98 84 8 4 95 90 71 17 11
 85 75 48 33 27 2 55 82 64 21 27 1 23 66 78 68 23 33 31 19 73 99 80 81 6 24 52
 21 81 65 12 37 33 19 98 7 15 88 26 73 57 55 69 65 8 85 19 4 3 81 44 70 91 53
 100 49 43 30 36 21 88 68 57 92 65 73
 ---------------------
  0.200000003 150 2 8324
 106 26 58 38 50 64 117 69 61 31 25 49 26 39 58 44 50 35 103 16 45 11 68 76 27 9
 110 5 37 9 6 36 19 74 63 57 82 54 52 18 52 27 102 23 12 24 18 39 87 61 100 76
 61 63 69 35 21 45 115 56 15 24 52 23 116 69 93 74 48 15 50 75 87 7 45 34 76 62
 46 63 114 28 14 48 120 59 3 70 116 53 114 61 34 20 98 40 75 60 111 54 81 30 13
 75 99 39 102 72 97 67 50 24 73 23 92 29 3 15 57 37 30 2 1 58 62 3 100 63 33 71
 70 59 117 44 46 51 91 66 102 51 87 67 49 40 51 74 92 45 90 62
 89 33 49 48 42 81 98 87 51 40 21 62 22 49 49 56 42 45 86 21 38 14 57 96 23 12
 92 7 31 12 5 46 16 93 53 72 69 68 44 23 44 35 85 30 10 31 15 49 73 77 84 96 51
 80 58 44 18 57 96 71 13 31 44 29 97 87 78 93 40 19 42 94 73 10 38 43 64 78 39
 80 95 36 12 61 100 75 3 88 97 67 95 77 29 26 82 51 63 76 93 68 68 38 11 94 83
 49 85 91 81 84 42 31 61 30 77 37 3 19 48 47 25 3 1 73 52 5 84 80 28 90 59 74 98
 56 39 65 76 83 85 64 73 85 41 51 43 93 77 57 75 78
 ---------------------
  0.200000003 150 3 8459
 112 46 70 74 14 48 117 29 79 59 1 21 98 75 16 68 62 75 37 72 99 43 20 72 63 65
 8 25 103 17 48 4 91 42 81 29 64 26 106 26 106 51 30 79 66 44 108 51 39 73 118
 76 13 55 21 71 99 5 31 60 9 52 58 27 104 29 3 66 48 47 116 71 75 31 111 70 52
 38 88 51 120 0 8 8 18 59 69 34 80 25 42 57 112 24 44 0 3 68 9 54 15 34 109 55
 111 79 108 0 67 35 38 32 49 75 50 29 87 15 117 69 42 14 91 58 56 43 118 75 57
 75 118 35 111 24 40 47 73 10 84 63 3 31 55 64 117 14 116 17 102 66
 94 58 59 93 12 61 98 37 66 75 1 27 82 94 14 86 52 95 31 91 83 54 17 91 53 82 7
 32 86 22 40 6 76 53 68 37 54 33 89 33 89 65 25 100 55 56 90 64 33 92 99 96 11
 70 18 89 83 7 26 76 8 66 49 34 87 37 3 83 40 59 97 89 63 40 93 88 44 48 74 65
 100 1 7 11 15 75 58 43 67 32 35 72 94 31 37 1 3 86 8 68 13 43 91 69 93 99 90 1
 56 44 32 41 41 95 42 37 73 19 98 87 35 18 76 73 47 55 99 95 48 95 99 44 93 31
 34 60 61 13 70 79 3 40 46 81 98 18 97 22 85 83
 ---------------------
  0.200000003 150 4 7894
 118 66 82 30 98 32 117 69 97 7 97 73 50 31 94 12 74 35 91 48 33 75 92 68 99 41
 26 45 49 25 90 52 43 10 99 1 46 78 40 34 40 75 78 55 120 64 78 63 111 5 16 76
 85 47 93 27 57 45 67 64 3 0 64 31 92 69 33 58 48 79 62 67 63 55 57 26 28 14 10
 39 6 52 2 48 36 59 15 78 44 77 90 53 70 28 110 40 51 76 27 54 69 38 85 35 3 39
 114 8 37 3 26 40 25 47 8 29 51 15 57 21 54 26 61 58 50 3 16 7 81 79 46 11 105 4
 34 43 55 34 66 75 39 75 61 8 63 34 20 69 114 70
 99 83 69 38 82 41 98 87 81 10 81 92 42 39 79 16 62 45 76 61 28 94 77 86 83 52
 22 57 41 32 75 66 36 13 83 2 39 98 34 43 34 95 65 70 100 81 65 79 93 7 14 96 71
 60 78 34 48 57 56 81 3 1 54 39 77 87 28 73 40 99 52 84 53 70 48 33 24 18 9 50 5
 66 2 61 30 75 13 98 37 97 75 67 59 36 92 51 43 96 23 68 58 48 71 44 3 49 95 11
 31 4 22 51 21 60 7 37 43 19 48 27 45 33 51 73 42 5 14 10 68 100 39 14 88 6 29
 55 46 43 55 94 33 95 51 11 53 43 17 87 95 88
 ---------------------
  0.200000003 150 5 7229
 4 6 94 66 62 16 117 29 115 35 73 45 2 67 52 36 86 75 25 24 87 27 44 64 15 17 44
 65 115 33 12 20 115 58 117 53 28 50 94 42 94 19 6 31 54 4 48 75 63 17 34 76 37
 39 45 63 15 5 103 68 117 28 70 35 80 29 63 50 48 31 8 63 51 79 3 62 4 70 52 27
 12 24 116 8 54 59 81 42 8 49 18 49 28 32 56 0 99 4 45 54 3 42 61 15 15 79 120
 16 7 51 14 48 1 19 86 29 15 15 117 53 66 38 31 58 44 43 34 19 105 3 94 67 99 64
 28 39 37 58 48 7 75 39 67 32 9 54 44 41 6 74
 4 8 79 83 52 21 98 37 96 45 61 57 2 84 44 46 72 95 21 31 73 34 37 81 13 22 37
 82 96 42 10 26 96 73 98 67 24 63 79 53 79 25 5 40 45 6 40 94 53 22 29 96 31 50
 38 79 13 7 86 86 98 36 59 44 67 37 53 63 40 39 7 79 43 100 3 78 4 88 44 35 10
 31 97 11 45 75 68 53 7 62 15 62 24 41 47 1 83 6 38 68 3 53 51 19 13 99 100 21 6
 64 12 61 1 25 72 37 13 19 98 67 55 48 26 73 37 55 29 25 88 5 79 84 83 81 24 50
 31 73 40 9 63 50 56 41 8 68 37 52 5 93
 ---------------------
  0.200000003 150 6 7164
 10 26 106 22 26 0 117 69 13 63 49 17 74 23 10 60 98 35 79 0 21 59 116 60 51 73
 62 5 61 41 54 68 67 26 15 25 10 22 28 50 28 43 54 7 108 24 18 7 15 29 52 76 109
 31 117 19 93 45 19 72 111 56 76 39 68 69 93 42 48 63 74 59 39 23 69 18 100 46
 94 15 18 76 110 48 72 59 27 6 92 21 66 45 106 36 2 40 27 12 63 54 57 46 37 75
 27 39 6 24 97 19 2 56 97 71 44 29 99 15 57 5 78 50 1 58 38 3 52 31 9 7 22 43 93
 44 22 35 19 2 30 19 111 3 73 56 75 74 68 13 18 78
 9 33 89 28 22 1 98 87 11 80 41 22 62 29 9 76 82 45 66 1 18 74 97 76 43 92 52 7
 51 52 45 86 56 33 13 32 9 28 24 63 24 55 45 10 90 31 15 9 13 37 44 96 91 40 98
 24 78 57 16 91 93 71 64 49 57 87 78 53 40 79 62 74 33 30 58 23 84 58 79 20 15
 96 92 61 60 75 23 8 77 27 55 57 89 46 2 51 23 16 53 68 48 58 31 94 23 49 5 31
 81 24 2 71 81 90 37 37 83 19 48 7 65 63 1 73 32 5 44 40 8 10 19 54 78 56 19 45
 16 3 25 24 93 5 61 71 63 93 57 17 15 98
 ---------------------
  0.200000003 150 7 7799
 16 46 118 58 110 64 117 29 31 11 25 69 26 59 88 4 110 75 13 56 75 11 68 56 87
 49 80 25 7 49 96 36 19 74 33 77 112 74 82 58 82 67 102 63 42 44 108 19 87 41 70
 76 61 23 69 55 51 5 55 76 105 4 82 43 56 29 3 34 48 15 20 55 27 47 15 54 76 22
 16 3 24 48 104 8 90 59 93 50 56 73 114 41 64 40 68 0 75 20 81 54 111 50 13 55
 39 79 12 32 67 67 110 64 73 43 2 29 63 15 117 37 90 62 91 58 32 43 70 43 33 11
 70 19 87 24 16 31 1 26 12 31 27 47 79 0 21 14 92 65 30 2
 14 58 99 73 92 81 98 37 26 15 21 87 22 74 74 6 92 95 11 71 63 14 57 71 73 62 67
 32 6 62 80 46 16 93 28 97 94 93 69 73 69 85 85 80 35 56 90 24 73 52 59 96 51 30
 58 69 43 7 46 96 88 6 69 54 47 37 3 43 40 19 17 69 23 60 13 68 64 28 14 5 20 61
 87 11 75 75 78 63 47 92 95 52 54 51 57 1 63 26 68 68 93 63 11 69 33 99 10 41 56
 84 92 81 61 55 2 37 53 19 98 47 75 78 76 73 27 55 59 55 28 15 59 24 73 31 14 40
 1 33 10 39 23 60 66 1 18 18 77 82 25 3
 ---------------------
  0.200000003 150 8 7334
 22 66 10 14 74 48 117 69 49 39 1 41 98 15 46 28 2 35 67 32 9 43 20 52 3 25 98
 45 73 57 18 4 91 42 51 49 94 46 16 66 16 11 30 39 96 64 78 31 39 53 88 76 13 15
 21 11 9 45 91 0 99 32 88 47 44 69 33 26 48 47 86 51 15 71 81 10 52 78 58 71 30
 20 98 48 108 59 39 14 20 45 42 37 22 44 14 40 3 28 99 54 45 54 109 35 51 39 18
 40 37 35 98 72 49 15 80 29 27 15 57 69 102 74 61 58 26 3 88 55 57 15 118 75 81
 4 10 27 103 50 114 43 63 11 85 24 87 34 116 37 42 6
 19 83 9 18 62 61 98 87 41 50 1 52 82 19 39 36 2 45 56 41 8 54 17 66 3 32 82 57
 61 72 15 6 76 53 43 62 79 58 14 83 14 15 25 50 80 81 65 39 33 67 74 96 11 20 18
 14 8 57 76 1 83 41 74 59 37 87 28 33 40 59 72 64 13 90 68 13 44 98 49 90 25 26
 82 61 90 75 33 18 17 57 35 47 19 56 12 51 3 36 83 68 38 68 91 44 43 49 15 51 31
 44 82 91 41 20 67 37 23 19 48 87 85 93 51 73 22 5 74 70 48 20 99 94 68 6 9 35
 86 63 95 54 53 15 71 31 73 43 97 47 35 8
 ---------------------
  0.200000003 150 9 7669
 28 6 22 50 38 32 117 29 67 67 97 13 50 51 4 52 14 75 1 8 63 75 92 48 39 1 116
 65 19 65 60 52 43 10 69 21 76 18 70 74 70 35 78 15 30 4 48 43 111 65 106 76 85
 7 93 47 87 5 7 4 93 60 94 51 32 29 63 18 48 79 32 47 3 15 27 46 28 54 100 59 36
 72 92 8 6 59 105 58 104 17 90 33 100 48 80 0 51 36 117 54 99 58 85 15 63 79 24
 48 7 3 86 0 25 67 38 29 111 15 117 21 114 6 31 58 20 43 106 67 81 19 46 51 75
 64 4 23 85 74 96 55 99 55 91 48 33 54 20 9 54 10
 24 8 19 63 32 41 98 37 56 85 81 17 42 64 4 66 12 95 1 11 53 94 77 61 33 2 97 82
 16 82 50 66 36 13 58 27 64 23 59 93 59 45 65 20 25 6 40 54 93 82 89 96 71 10 78
 59 73 7 6 6 78 76 79 64 27 37 53 23 40 99 27 59 3 20 23 58 24 68 84 75 30 91 77
 11 5 75 88 73 87 22 75 42 84 61 67 1 43 46 98 68 83 73 71 19 53 99 20 61 6 4 72
 1 21 85 32 37 93 19 98 27 95 8 26 73 17 55 89 85 68 25 39 64 63 81 4 30 71 93
 80 69 83 70 76 61 28 68 17 12 45 13
 ---------------------
  0.200000003 150 10 7504
 34 26 34 6 2 16 117 69 85 15 73 65 2 7 82 76 26 35 55 64 117 27 44 44 75 57 14
 5 85 73 102 20 115 58 87 73 58 70 4 2 4 59 6 71 84 24 18 55 63 77 4 76 37 79 45
 3 45 45 43 8 87 8 100 55 20 69 93 10 48 31 98 43 111 39 93 2 4 30 22 47 42 44
 86 48 24 59 51 22 68 69 18 29 58 52 26 40 99 44 15 54 33 62 61 75 75 39 30 56
 97 51 74 8 1 39 116 29 75 15 57 53 6 18 1 58 14 3 4 79 105 23 94 27 69 44 118
 19 67 18 78 67 15 19 97 72 99 74 44 61 66 14
 29 33 29 8 2 21 98 87 71 20 61 82 2 9 69 96 22 45 46 81 98 34 37 56 63 72 12 7
 71 92 85 26 96 73 73 92 49 88 4 3 4 75 5 90 70 31 15 69 53 97 4 96 31 100 38 4
 38 57 36 11 73 11 84 69 17 87 78 13 40 39 82 54 93 50 78 3 4 38 19 60 35 56 72
 61 20 75 43 28 57 87 15 37 49 66 22 51 83 56 13 68 28 78 51 94 63 49 25 71 81
 64 62 11 1 50 97 37 63 19 48 67 5 23 1 73 12 5 4 100 88 30 79 34 58 56 99 25 56
 23 65 84 13 25 81 91 83 93 37 77 55 18
 ---------------------
  0.200000003 200 1 10599
 86 43 8 59 90 7 49 66 1 44 60 34 20 78 78 29 32 79 33 43 68 72 73 42 67 19 14
 70 110 68 56 78 98 76 27 39 105 63 116 9 106 16 116 21 118 10 25 3 8 43 48 35
 68 76 74 59 87 9 62 21 26 50 104 71 81 23 56 72 120 42 20 18 111 59 19 11 42 52
 110 65 63 0 44 52 78 67 14 74 34 75 3 78 96 35 115 53 34 18 14 68 94 44 16 20 2
 31 9 73 38 62 76 64 100 47 30 19 100 34 114 1 2 19 96 11 90 49 12 54 88 61 8 35
 42 11 22 58 21 63 50 32 2 55 118 22 111 63 22 52 85 27 69 49 60 28 96 28 26 79
 9 23 27 23 61 73 92 75 99 45 80 37 8 15 87 48 54 32 91 35 43 31 49 8 73 35 66
 62 112 35 46 19 109 49 15 76 42 67 117 31 100 42
 72 54 7 74 75 9 41 83 1 56 50 43 17 98 65 37 27 99 28 55 57 91 61 53 56 25 12
 88 92 86 47 98 82 96 23 49 88 79 97 12 89 21 97 27 99 13 21 5 7 54 40 44 57 96
 62 75 73 12 52 27 22 63 87 90 68 30 47 91 100 53 17 23 93 75 16 14 35 66 92 82
 53 1 37 66 65 85 12 93 29 94 3 98 80 45 96 67 29 23 12 86 79 56 14 26 2 40 8 92
 32 78 64 81 84 59 25 25 84 43 95 2 2 25 80 15 75 62 10 68 74 77 7 44 35 15 19
 73 18 79 42 41 2 70 99 28 93 79 19 66 71 35 58 62 50 36 80 36 22 100 8 30 23 30
 51 92 77 95 83 57 67 47 7 19 73 61 45 41 76 45 36 40 41 11 61 45 55 78 94 44 39
 25 91 62 13 96 35 84 98 39 84 53
 ---------------------
  0.200000003 200 2 10313
 79 63 75 3 104 55 8 75 85 38 45 59 39 76 99 29 109 63 9 34 10 7 85 26 60 35 84
 20 115 73 18 49 67 68 116 18 84 27 94 71 78 53 75 50 78 66 6 66 70 31 98 43 54
 6 40 3 30 62 9 51 120 58 20 65 100 57 15 56 38 0 39 7 25 55 74 44 78 51 120 36
 25 74 22 25 111 34 55 59 3 20 13 79 4 63 69 45 56 75 2 7 22 33 100 11 24 71 43
 11 19 73 72 40 91 66 66 0 84 31 30 22 31 15 84 18 99 73 31 6 60 58 25 41 58 7
 104 56 21 29 93 74 88 6 61 60 1 74 37 65 116 53 38 31 55 23 108 54 112 60 33 39
 87 79 44 19 22 42 1 0 99 50 85 71 51 47 116 69 88 32 40 12 118 40 97 0 1 17 19
 20 109 27 85 14 66 12 27 68 79 74 96 11
 66 80 63 4 87 69 7 95 71 48 38 75 33 96 83 37 91 79 8 43 9 9 71 33 50 45 70 26
 96 92 15 62 56 86 97 23 70 35 79 90 65 67 63 63 65 83 5 83 59 40 82 54 45 8 34
 5 25 78 8 65 100 73 17 82 84 72 13 71 32 1 33 9 21 69 62 56 65 64 100 46 21 93
 19 32 93 43 46 75 3 26 11 100 4 79 58 57 47 95 2 10 19 42 84 14 20 90 36 14 16
 92 60 51 76 83 55 1 70 39 25 28 26 19 70 23 83 92 26 8 50 73 21 52 49 9 87 71
 18 37 78 93 74 8 51 76 1 93 31 82 97 67 32 40 46 30 90 68 94 76 28 50 73 100 37
 24 19 53 1 1 83 63 71 89 43 59 97 87 74 41 34 16 99 51 81 1 1 22 16 26 91 35 71
 18 55 16 23 86 66 93 80 15
 ---------------------
  0.200000003 200 3 9827
 72 4 22 27 118 23 87 5 49 31 31 5 58 75 1 29 66 47 105 24 73 21 97 10 52 51 33
 51 120 78 99 20 36 60 85 77 62 72 73 54 49 10 34 79 37 42 106 48 13 20 28 51 39
 15 7 27 92 35 76 2 93 66 56 59 120 11 94 40 76 39 58 75 58 50 9 78 114 49 9 7
 106 67 1 78 25 0 96 45 92 46 22 1 33 10 24 37 78 53 110 27 70 22 64 1 45 31 76
 28 120 4 67 16 81 5 102 61 67 27 66 43 60 10 72 24 109 17 50 38 31 55 42 47 75
 2 66 55 21 75 16 35 55 36 3 19 10 5 51 78 27 79 7 14 50 19 120 79 79 41 57 55
 27 55 27 44 73 8 22 35 118 63 42 47 15 45 58 26 86 29 38 73 68 72 1 45 56 52 45
 6 51 35 61 59 116 28 13 70 40 37 91 61
 60 6 19 34 99 29 73 7 41 40 26 7 49 94 1 37 55 59 88 31 61 27 81 13 44 65 28 64
 100 98 83 26 30 76 71 97 52 91 61 68 41 13 29 99 31 53 89 61 11 26 24 64 33 20
 6 35 77 44 64 3 78 83 47 74 100 14 79 51 64 49 49 95 49 63 8 98 95 62 8 10 89
 85 1 98 21 1 80 57 77 58 19 2 28 13 20 47 65 67 92 34 59 28 54 2 38 40 64 36
 100 6 56 21 68 7 85 77 56 35 55 54 50 13 60 31 91 22 42 48 26 69 35 60 63 3 55
 69 18 95 14 45 46 46 3 24 9 7 43 98 23 99 6 18 42 24 100 100 66 52 48 70 23 70
 23 56 61 11 19 45 99 79 35 59 13 57 49 33 72 37 32 92 57 91 1 57 47 66 38 8 43
 45 51 74 97 36 11 88 34 47 76 77
 ---------------------
  0.200000003 200 4 10241
 64 25 90 51 13 71 46 15 13 25 16 31 78 73 22 29 22 31 81 15 15 35 109 74 45 67
 103 1 4 3 61 71 4 52 54 56 40 37 51 36 20 47 114 27 116 18 87 31 75 9 79 59 25
 25 93 51 34 7 24 32 67 74 92 52 19 44 54 24 115 77 78 64 92 45 64 31 30 47 19
 59 68 61 99 51 58 47 16 31 61 71 32 3 62 37 98 29 99 31 98 46 118 11 28 71 67
 71 110 46 100 15 62 72 72 24 18 42 50 24 102 63 88 5 60 31 118 41 69 70 2 51 58
 54 92 77 27 53 21 42 60 77 21 67 66 57 20 16 66 11 58 24 96 76 45 14 12 25 45
 22 81 71 87 31 10 70 3 55 44 71 18 75 118 23 99 43 1 63 84 26 36 54 18 24 25 10
 111 7 72 71 114 43 37 23 46 44 118 71 2 0 86 31
 54 32 75 64 11 89 39 19 11 32 14 39 65 92 19 37 19 39 68 19 13 45 91 93 38 85
 86 2 4 4 51 90 4 66 45 71 34 47 43 46 17 59 95 35 97 23 73 39 63 12 66 74 21 32
 78 65 29 10 20 41 56 93 77 66 16 56 45 31 96 97 65 81 77 57 54 40 25 60 16 74
 57 77 83 64 49 59 14 39 51 90 27 4 52 47 82 37 83 39 82 58 99 14 24 90 56 90 92
 58 84 20 52 91 60 31 15 53 42 31 85 80 74 7 50 39 99 52 58 88 2 65 49 68 77 97
 23 67 18 53 50 97 18 84 55 72 17 21 55 14 49 31 80 96 38 18 10 32 38 28 68 90
 73 40 9 88 3 69 37 89 15 95 99 29 83 55 1 79 70 33 30 68 15 31 21 13 93 10 60
 90 95 55 31 30 39 56 99 90 2 1 72 39
 ---------------------
  0.200000003 200 5 9555
 57 46 37 75 27 39 6 24 97 19 2 56 97 71 44 29 99 15 57 5 78 50 1 58 38 3 52 31
 9 7 22 43 93 44 22 35 19 2 30 19 111 3 73 56 75 74 68 13 18 78 9 67 10 35 60 75
 97 60 91 63 40 2 8 46 38 78 13 8 33 35 97 53 6 40 120 65 66 46 28 30 30 55 78
 23 92 13 57 16 30 17 42 4 91 64 52 21 1 8 86 65 46 79 112 62 88 31 24 63 81 27
 57 48 62 43 54 23 33 21 18 4 117 0 48 37 8 65 88 22 93 48 75 60 109 72 109 51
 21 8 103 39 108 17 8 15 30 27 80 23 90 50 64 59 40 9 24 51 12 3 105 7 27 7 114
 15 54 21 66 26 37 8 75 79 63 42 63 19 81 23 33 35 87 56 49 55 46 43 98 57 56 51
 13 68 97 60 104 73 84 43 81 0
 48 58 31 94 23 49 5 31 81 24 2 71 81 90 37 37 83 19 48 7 65 63 1 73 32 5 44 40
 8 10 19 54 78 56 19 45 16 3 25 24 93 5 61 71 63 93 57 17 15 98 8 84 9 44 50 95
 81 76 76 79 34 3 7 58 32 98 11 11 28 45 81 67 5 51 100 82 55 58 24 38 25 69 65
 30 77 17 48 21 25 22 35 6 76 81 44 27 1 11 72 82 39 100 94 78 74 40 20 80 68 34
 48 61 52 55 45 29 28 27 15 6 98 1 40 47 7 82 74 28 78 61 63 76 91 91 91 65 18
 11 86 49 90 22 7 20 25 35 67 30 75 63 54 74 34 12 20 64 10 4 88 10 23 10 95 20
 45 27 55 33 31 11 63 99 53 53 53 25 68 29 28 44 73 71 41 69 39 54 82 72 47 65
 11 86 81 76 87 92 70 55 68 1
 ---------------------
  0.200000003 200 6 10069
 50 67 104 19 42 7 85 34 61 12 108 2 116 70 66 29 56 79 33 75 20 64 13 42 31 19
 2 62 14 12 104 14 62 36 111 15 117 47 8 1 82 40 32 5 34 50 49 75 80 67 60 75
 116 44 26 19 39 33 38 13 14 10 44 39 57 31 92 72 72 74 116 42 39 35 55 19 102
 44 38 1 111 48 56 76 6 59 98 2 118 43 51 6 120 11 7 13 22 66 74 4 94 68 76 52
 110 71 57 1 62 38 52 24 52 63 90 3 16 18 54 25 26 75 36 43 18 9 108 54 64 45 92
 67 6 67 70 50 21 55 26 0 74 47 70 54 39 39 94 36 1 75 33 41 36 4 36 76 98 63 9
 23 87 63 97 41 104 67 87 61 56 21 32 55 27 40 6 56 79 19 31 15 37 8 73 19 102
 78 4 43 118 59 109 33 27 76 90 75 45 7 76 50
 42 84 87 24 35 9 71 43 51 16 90 3 97 88 55 37 47 99 28 95 17 81 11 53 26 25 2
 78 12 16 87 18 52 46 93 19 98 59 7 2 69 51 27 7 29 63 41 95 67 84 50 94 97 56
 22 25 33 42 32 17 12 13 37 50 48 40 77 91 60 93 97 53 33 45 46 24 85 56 32 2 93
 61 47 96 5 75 82 3 99 54 43 8 100 15 6 17 19 83 62 6 79 86 64 66 92 90 48 2 52
 48 44 31 44 79 75 5 14 23 45 32 22 95 30 55 15 12 90 68 54 57 77 84 5 85 59 63
 18 69 22 1 62 60 59 68 33 49 79 46 1 95 28 52 30 6 30 96 82 80 8 30 73 80 81 52
 87 85 73 77 47 27 27 69 23 51 5 71 66 25 26 20 31 11 61 25 85 98 4 54 99 75 91
 42 23 96 75 94 38 9 64 63
 ---------------------
  0.200000003 200 7 9983
 43 7 51 43 56 55 44 43 25 6 93 27 15 68 87 29 13 63 9 66 82 79 25 26 24 35 72
 12 19 17 66 65 31 28 80 74 96 11 106 63 54 77 111 34 114 26 30 58 22 55 110 3
 102 54 112 43 102 6 105 43 108 18 80 33 76 65 51 56 110 32 15 31 73 31 110 52
 18 43 48 52 73 42 34 49 39 26 19 67 87 68 61 7 28 39 81 5 44 43 62 23 22 57 40
 43 12 31 91 19 43 49 48 0 43 2 6 64 120 15 90 46 55 71 24 50 27 33 7 6 36 42
 109 73 22 63 32 48 21 21 69 42 40 78 13 12 49 50 109 49 32 21 2 23 31 79 48 22
 64 44 33 39 27 39 80 67 34 34 109 16 75 34 109 31 111 39 68 13 76 16 28 76 106
 40 97 64 37 33 31 28 61 67 85 78 78 12 75 76 7 50 72 19
 36 10 43 54 47 69 37 55 21 8 78 35 13 86 73 37 11 79 8 83 69 99 21 33 20 45 60
 16 16 22 55 82 26 36 67 93 80 15 89 80 45 97 93 43 95 33 25 73 19 70 92 4 85 68
 94 55 85 8 88 55 90 23 67 42 64 82 43 71 92 41 13 39 61 39 92 66 15 54 40 66 61
 53 29 62 33 33 16 85 73 86 51 10 24 49 68 7 37 55 52 30 19 72 34 54 10 40 76 24
 36 62 40 1 36 3 5 81 100 19 75 58 46 89 20 63 23 42 6 8 30 53 91 92 19 79 27 61
 18 27 58 53 34 98 11 16 41 63 91 62 27 27 2 30 26 100 40 28 54 56 28 50 23 50
 67 84 29 43 91 21 63 43 91 39 93 49 57 17 64 21 24 96 89 51 81 81 31 42 26 36
 51 85 71 98 65 16 63 96 6 63 60 25
 ---------------------
  0.200000003 200 8 9797
 36 28 118 67 70 23 3 53 109 79 79 53 34 67 109 29 90 47 105 56 25 13 37 10 16
 51 21 43 24 22 27 36 120 20 49 53 74 56 85 46 25 34 70 63 73 2 10 40 85 44 40
 11 87 63 79 67 44 59 52 74 81 26 116 27 96 19 10 40 28 71 34 19 106 26 45 6 54
 41 57 23 34 35 13 22 73 72 60 53 56 14 70 9 57 66 36 77 66 21 50 43 70 46 4 33
 33 71 4 36 24 60 43 56 33 21 42 45 103 11 6 67 84 66 12 56 37 57 26 38 7 39 6
 79 39 58 114 47 21 67 112 3 7 28 75 51 58 61 3 62 63 47 91 6 26 75 60 47 31 25
 57 55 87 15 63 12 85 0 10 51 94 47 66 7 75 37 10 50 74 13 26 57 56 72 1 29 92
 68 57 14 3 75 61 43 8 28 61 78 88 13 67 69
 30 36 99 84 59 29 3 67 91 100 66 67 29 84 91 37 75 59 88 71 21 17 31 13 14 65
 18 54 20 28 23 46 100 26 41 67 62 71 71 58 21 43 59 79 61 3 9 51 71 56 34 14 73
 80 66 85 37 74 44 93 68 33 97 34 80 24 9 51 24 89 29 25 89 33 38 8 45 52 48 30
 29 45 11 28 61 91 50 67 47 18 59 12 48 83 30 97 55 27 42 54 59 58 4 42 28 90 4
 46 20 76 36 71 28 27 35 57 86 15 5 84 70 83 10 71 31 72 22 48 6 49 5 100 33 73
 95 59 18 85 94 5 6 36 63 64 49 77 3 78 53 59 76 8 22 94 50 60 26 32 48 70 73 20
 53 16 71 1 9 65 79 59 55 9 63 47 9 63 62 17 22 72 47 91 1 37 77 86 48 18 3 95
 51 54 7 36 51 98 74 17 56 87
 ---------------------
  0.200000003 200 9 10511
 28 49 66 11 85 71 82 63 73 73 64 79 54 65 10 29 46 31 81 47 87 27 49 74 9 67 91
 73 28 27 109 7 88 12 18 32 52 21 63 28 116 71 30 11 32 58 111 23 27 33 91 19 73
 73 45 11 106 31 120 24 55 34 32 20 115 52 90 24 67 29 54 8 20 21 100 39 90 39
 67 75 116 29 111 75 106 39 100 39 25 39 80 11 86 13 110 69 87 79 38 62 118 35
 88 23 55 31 38 54 4 71 38 32 24 40 78 26 86 8 42 7 112 61 120 63 46 1 45 70 98
 35 22 6 56 53 75 45 21 34 36 45 93 59 18 9 68 72 18 75 94 72 60 68 21 70 72 73
 117 6 81 71 27 71 46 38 15 47 32 7 114 59 22 63 39 35 73 7 72 10 24 38 6 24 25
 74 27 23 84 79 66 3 37 7 58 44 46 79 50 56 62 39
 24 62 55 14 71 89 69 79 61 92 54 99 45 82 9 37 39 39 68 59 73 35 41 93 8 85 76
 92 24 34 91 10 74 16 15 41 44 27 53 36 97 89 25 15 27 73 93 29 23 42 76 24 61
 92 38 15 89 40 100 31 46 43 27 26 96 66 75 31 56 37 45 11 17 27 84 50 75 50 56
 94 97 37 93 94 89 49 84 49 21 50 67 14 72 17 92 87 73 99 32 78 99 44 74 30 46
 40 32 68 4 90 32 41 20 51 65 33 72 11 35 10 94 77 100 79 39 2 38 88 82 45 19 8
 47 67 63 57 18 43 30 57 78 74 15 12 57 91 15 94 79 91 50 86 18 88 60 92 98 8 68
 90 23 90 39 48 13 59 27 9 95 75 19 79 33 45 61 9 60 13 20 48 5 31 21 93 23 30
 70 100 55 5 31 10 49 56 39 100 42 71 52 49
 ---------------------
  0.200000003 200 10 9025
 21 70 13 35 99 39 42 72 37 67 50 24 73 63 32 29 3 15 57 37 30 42 61 58 2 3 40
 23 33 31 70 59 57 4 106 11 31 66 42 11 87 27 109 40 111 34 92 5 90 22 21 27 58
 3 12 35 49 4 67 55 28 42 68 14 14 6 49 8 105 67 73 77 54 16 36 73 6 38 76 46 78
 23 90 47 20 5 21 24 114 65 90 12 115 40 64 61 109 56 26 1 46 23 52 14 76 71 72
 71 105 3 33 8 14 59 114 7 69 5 78 28 21 56 108 69 56 25 64 22 69 32 39 12 73 48
 37 43 21 0 79 7 60 9 80 47 78 3 32 7 6 18 28 51 16 65 84 19 84 67 105 7 87 47
 30 63 66 13 54 42 13 72 99 39 3 34 15 43 69 7 21 19 75 56 49 39 82 59 110 65 8
 11 13 52 109 60 32 1 12 19 57 8
 18 88 11 44 83 49 35 91 31 84 42 31 61 80 27 37 3 19 48 47 25 53 51 73 2 5 34
 30 28 40 59 74 48 6 89 15 26 83 35 14 73 35 91 51 93 43 77 7 75 28 18 34 49 4
 10 45 41 6 56 69 24 53 57 18 12 8 41 11 88 85 61 97 45 21 30 92 5 48 64 58 65
 29 75 60 17 7 18 31 95 82 75 16 96 51 54 77 91 71 22 2 39 30 44 18 64 90 60 90
 88 4 28 11 12 75 95 9 58 7 65 36 18 71 90 87 47 32 54 28 58 41 33 16 61 61 31
 55 18 1 66 9 50 12 67 60 65 5 27 10 5 23 24 64 14 82 70 24 70 84 88 10 73 60 25
 80 55 17 45 53 11 91 83 49 3 43 13 55 58 9 18 24 63 71 41 49 69 74 92 82 7 15
 11 66 91 76 27 2 10 25 48 11
 ---------------------
 -99. 25 1 1363
 79 27 17 91 52 94 75 48 43 45 84 80 18 1 64 23 76 8 31 9 84 6 75 12 19
 97 1 42 35 100 65 92 80 16 25 88 60 35 42 86 61 16 1 64 3 90 22 87 75 80
 ---------------------
 -99. 25 2 1337
 75 20 40 72 33 81 10 23 38 41 45 17 87 70 70 46 86 20 22 8 42 100 3 23 36
 19 19 92 97 18 23 31 78 35 100 57 80 88 62 60 88 62 16 33 2 50 25 88 85 29
 ---------------------
 -99. 25 3 1255
 71 13 63 53 14 68 45 98 33 37 6 54 56 39 76 69 96 32 13 7 100 94 31 34 53
 41 37 42 59 36 81 70 76 54 75 26 100 41 82 34 15 8 31 2 1 10 28 89 95 78
 ---------------------
 -99. 25 4 1302
 67 6 86 34 95 55 80 73 28 33 67 91 25 8 82 92 6 44 4 6 58 88 59 45 70
 63 55 92 21 54 39 9 74 73 50 95 20 94 2 8 42 54 46 71 100 70 31 90 5 27
 ---------------------
 -99. 25 5 1559
 63 99 9 15 76 42 15 48 23 29 28 28 94 77 88 15 16 56 95 5 16 82 87 56 87
 85 73 42 83 72 97 48 72 92 25 64 40 47 22 82 69 100 61 40 99 30 34 91 15 76
 ---------------------
 -99. 25 6 1533
 59 92 32 96 57 29 50 23 18 25 89 65 63 46 94 38 26 68 86 4 74 76 15 67 4
 7 91 92 45 90 55 87 70 11 100 33 60 100 42 56 96 46 76 9 98 90 37 92 25 25
 ---------------------
 -99. 25 7 1243
 55 85 55 77 38 16 85 98 13 21 50 2 32 15 100 61 36 80 77 3 32 70 43 78 21
 29 9 42 7 8 13 26 68 30 75 2 80 53 62 30 23 92 91 78 97 50 40 93 35 74
 ---------------------
 -99. 25 8 1281
 51 78 78 58 19 3 20 73 8 17 11 39 1 84 6 84 46 92 68 2 90 64 71 89 38
 51 27 92 69 26 71 65 66 49 50 71 100 6 82 4 50 38 6 47 96 10 43 94 45 23
 ---------------------
 -99. 25 9 1255
 47 71 1 39 100 90 55 48 3 13 72 76 70 53 12 7 56 4 59 1 48 58 99 100 55
 73 45 42 31 44 29 4 64 68 25 40 20 59 2 78 77 84 21 16 95 70 46 95 55 72
 ---------------------
 -99. 25 10 1429
 43 64 24 20 81 77 90 23 98 9 33 13 39 22 18 30 66 16 50 100 6 52 27 11 72
 95 63 92 93 62 87 43 62 87 100 9 40 12 22 52 4 30 36 85 94 30 49 96 65 21
 ---------------------
 -99. 50 1 2755
 58 26 47 34 100 71 90 77 24 29 56 100 43 32 34 55 63 90 99 86 93 5 47 51 83 57
 52 75 84 22 90 74 33 36 86 82 4 80 3 39 17 86 11 39 14 72 70 8 34 94
 46 11 88 59 25 40 32 32 86 36 54 13 100 7 100 12 46 7 55 89 37 73 89 88 4 17 37
 47 81 41 80 12 35 18 89 37 26 40 64 97 52 94 76 52 56 82 98 57 80 8
 ---------------------
 -99. 50 2 2735
 70 44 23 58 12 89 16 97 52 51 30 4 81 52 98 37 91 20 27 58 95 21 71 67 51 39 8
 91 48 40 100 96 47 44 26 20 100 46 17 17 83 94 1 61 96 86 86 40 56 78
 38 59 26 53 41 64 96 86 50 84 24 7 30 33 100 56 42 29 11 59 55 23 35 82 30 13
 71 15 3 95 48 54 35 94 63 71 22 18 34 67 50 4 90 38 86 34 96 25 100 54
 ---------------------
 -99. 50 3 2515
 82 62 99 82 24 7 42 17 80 73 4 8 19 72 62 19 19 50 55 30 97 37 95 83 19 21 64 7
 12 58 10 18 61 52 66 58 96 12 31 95 49 2 91 83 78 100 2 72 78 62
 30 7 64 47 57 88 60 40 14 32 94 1 60 59 100 100 38 51 67 29 73 73 81 76 56 9 5
 83 25 49 16 96 35 70 37 5 18 96 4 37 48 14 4 24 16 86 94 93 20 100
 ---------------------
 -99. 50 4 2495
 94 80 75 6 36 25 68 37 8 95 78 12 57 92 26 1 47 80 83 2 99 53 19 99 87 3 20 23
 76 76 20 40 75 60 6 96 92 78 45 73 15 10 81 5 60 14 18 4 100 46
 22 55 2 41 73 12 24 94 78 80 64 95 90 85 100 44 34 73 23 99 91 23 27 70 82 5 39
 51 47 3 84 38 35 46 11 39 14 74 74 7 46 24 18 10 46 38 92 61 40 46
 ---------------------
 -99. 50 5 2657
 6 98 51 30 48 43 94 57 36 17 52 16 95 12 90 83 75 10 11 74 1 69 43 15 55 85 76
 39 40 94 30 62 89 68 46 34 88 44 59 51 81 18 71 27 42 28 34 36 22 30
 14 3 40 35 89 36 88 48 42 28 34 89 20 11 100 88 30 95 79 69 9 73 73 64 8 1 73
 19 69 57 52 80 35 22 85 73 10 52 44 77 44 34 32 96 76 90 90 29 60 92
 ---------------------
 -99. 50 6 2155
 18 16 27 54 60 61 20 77 64 39 26 20 33 32 54 65 3 40 39 46 3 85 67 31 23 67 32
 55 4 12 40 84 3 76 86 72 84 10 73 29 47 26 61 49 24 42 50 68 44 14
 6 51 78 29 5 60 52 2 6 76 4 83 50 37 100 32 26 17 35 39 27 23 19 58 34 97 7 87
 91 11 20 22 35 98 59 7 6 30 14 47 42 44 46 82 6 42 88 97 80 38
 ---------------------
 -99. 50 7 2833
 30 34 3 78 72 79 46 97 92 61 100 24 71 52 18 47 31 70 67 18 5 1 91 47 91 49 88
 71 68 30 50 6 17 84 26 10 80 76 87 7 13 34 51 71 6 56 66 100 66 98
 98 99 16 23 21 84 16 56 70 24 74 77 80 63 100 76 22 39 91 9 45 73 65 52 60 93
 41 55 13 65 88 64 35 74 33 41 2 8 84 17 40 54 60 68 36 94 86 65 100 84
 ---------------------
 -99. 50 8 2815
 42 52 79 2 84 97 72 17 20 83 74 28 9 72 82 29 59 100 95 90 7 17 15 63 59 31 44
 87 32 48 60 28 31 92 66 48 76 42 1 85 79 42 41 93 88 70 82 32 88 82
 90 47 54 17 37 8 80 10 34 72 44 71 10 89 100 20 18 61 47 79 63 23 11 46 86 89
 75 23 35 19 56 6 35 50 7 75 98 86 54 87 38 64 74 54 66 46 84 33 20 30
 ---------------------
 -99. 50 9 2709
 54 70 55 26 96 15 98 37 48 5 48 32 47 92 46 11 87 30 23 62 9 33 39 79 27 13 100
 3 96 66 70 50 45 100 6 86 72 8 15 63 45 50 31 15 70 84 98 64 10 66
 82 95 92 11 53 32 44 64 98 20 14 65 40 15 100 64 14 83 3 49 81 73 57 40 12 85 9
 91 57 73 24 48 35 26 81 9 94 64 24 57 36 74 88 40 96 98 82 1 40 76
 ---------------------
 -99. 50 10 2475
 66 88 31 50 8 33 24 57 76 27 22 36 85 12 10 93 15 60 51 34 11 49 63 95 95 95 56
 19 60 84 80 72 59 8 46 24 68 74 29 41 11 58 21 37 52 98 14 96 32 50
 74 43 30 5 69 56 8 18 62 68 84 59 70 41 100 8 10 5 59 19 99 23 3 34 38 81 43 59
 79 27 92 90 35 2 55 43 90 42 94 27 34 84 2 26 26 50 80 69 60 22
 ---------------------
 -99. 75 1 4270
 98 80 83 16 81 95 35 90 90 56 51 52 13 60 78 100 90 6 100 55 29 28 24 45 86 3
 58 18 76 49 82 38 40 37 10 91 71 74 97 7 4 1 1 64 10 97 36 81 38 24 95 34 78 61
 86 35 23 55 37 31 51 16 6 18 99 31 82 82 7 74 93 50 69 47 51
 65 54 81 92 68 64 33 35 56 76 54 24 79 49 82 1 49 33 45 71 8 97 91 40 81 61 86
 98 32 51 72 11 88 39 100 51 76 91 67 16 29 28 29 80 19 62 56 79 53 34 79 71 75
 31 90 97 31 21 83 62 85 77 13 1 100 67 18 8 71 81 82 49 13 60 69
 ---------------------
 -99. 75 2 3926
 21 64 7 12 58 10 18 61 52 66 58 96 12 31 95 49 2 91 83 78 100 2 72 78 62 51 82
 8 8 15 1 48 50 15 25 58 9 87 24 11 89 90 37 1 65 90 100 59 78 8 70 10 12 91 47
 74 87 15 90 85 48 18 100 24 56 89 68 66 95 78 72 76 20 42 11
 9 5 83 25 49 16 96 35 70 37 5 18 96 4 37 48 14 4 24 16 86 94 93 20 100 80 83 74
 51 4 89 43 25 25 69 33 67 79 14 39 81 92 61 60 67 59 10 68 36 94 65 24 71 91 48
 49 49 43 39 83 80 32 94 86 17 34 64 41 42 95 63 83 11 69 66
 ---------------------
 -99. 75 3 3982
 44 48 31 8 35 25 1 32 14 76 65 40 11 2 12 98 14 76 66 1 71 76 20 11 38 99 6 98
 40 81 20 58 60 93 40 25 47 100 51 15 74 79 73 38 20 83 64 37 18 92 45 86 46 21
 8 13 51 75 43 39 45 20 94 30 13 47 54 50 83 82 51 2 71 37 71
 53 56 85 58 30 68 59 35 84 98 56 12 13 59 92 95 79 75 3 61 64 91 95 100 19 99
 80 50 70 57 6 75 62 11 38 15 58 67 61 62 33 56 93 40 15 56 64 57 19 54 51 77 67
 51 6 1 67 65 95 4 75 87 75 71 34 1 10 74 13 9 44 17 9 78 63
 ---------------------
 -99. 75 4 3775
 67 32 55 4 12 40 84 3 76 86 72 84 10 73 29 47 26 61 49 24 42 50 68 44 14 47 30
 88 72 47 39 68 70 71 55 92 85 13 78 19 59 68 9 75 75 76 28 15 58 76 20 62 80 51
 69 52 15 35 96 93 42 22 88 36 70 5 40 34 71 86 30 28 22 32 31
 97 7 87 91 11 20 22 35 98 59 7 6 30 14 47 42 44 46 82 6 42 88 97 80 38 18 77 26
 89 10 23 7 99 97 7 97 49 55 8 85 85 20 25 20 63 53 18 46 2 14 37 30 63 11 64 53
 85 87 51 25 70 42 56 56 51 68 56 7 84 23 25 51 7 87 60
 ---------------------
 -99. 75 5 4047
 90 16 79 100 89 55 67 74 38 96 79 28 9 44 46 96 38 46 32 47 13 24 16 77 90 95
 54 78 4 13 58 78 80 49 70 59 23 26 5 23 44 57 45 12 30 69 92 93 98 60 95 38 14
 81 30 91 79 95 49 47 39 24 82 42 27 63 26 18 59 90 9 54 73 27 91
 41 58 89 24 92 72 85 35 12 20 58 100 47 69 2 89 9 17 61 51 20 85 99 60 57 37 74
 2 8 63 40 39 36 83 76 79 40 43 55 8 37 84 57 100 11 50 72 35 85 74 23 83 59 71
 22 5 3 9 7 46 65 97 37 41 68 35 2 40 55 37 6 85 5 96 57
 ---------------------
 -99. 75 6 3819
 13 100 3 96 66 70 50 45 100 6 86 72 8 15 63 45 50 31 15 70 84 98 64 10 66 43 78
 68 36 79 77 88 90 27 85 26 61 39 32 27 29 46 81 49 85 62 56 71 38 44 70 14 48
 11 91 30 43 55 2 1 36 26 76 48 84 21 12 2 47 94 88 80 24 22 51
 85 9 91 57 73 24 48 35 26 81 9 94 64 24 57 36 74 88 40 96 98 82 1 40 76 56 71
 78 27 16 57 71 73 69 45 61 31 31 2 31 89 48 89 80 59 47 26 24 68 34 9 36 55 31
 80 57 21 31 63 67 60 52 18 26 85 2 48 73 26 51 87 19 3 5 54
 ---------------------
 -99. 75 7 4091
 36 84 27 92 43 85 33 16 62 16 93 16 7 86 80 94 62 16 98 93 55 72 12 43 42 91 2
 58 68 45 96 98 100 5 100 93 99 52 59 31 14 35 17 86 40 55 20 49 78 28 45 90 82
 41 52 69 7 15 55 55 33 28 70 54 41 79 98 86 35 98 67 6 75 17 11
 29 60 93 90 54 76 11 35 40 42 60 88 81 79 12 83 39 59 19 41 76 79 3 20 95 75 68
 54 46 69 74 3 10 55 14 43 22 19 49 54 41 12 21 60 7 44 80 13 51 94 95 89 51 91
 38 9 39 53 19 88 55 7 99 11 2 69 94 6 97 65 68 53 1 14 51
 ---------------------
 -99. 75 8 3962
 59 68 51 88 20 100 16 87 24 26 100 60 6 57 97 43 74 1 81 16 26 46 60 76 18 39
 26 48 100 11 15 8 10 83 15 60 37 65 86 35 99 24 53 23 95 48 84 27 18 12 20 66
 16 71 13 8 71 75 8 9 30 30 64 60 98 37 84 70 23 2 46 32 26 12 71
 73 11 95 23 35 28 74 35 54 3 11 82 98 34 67 30 4 30 98 86 54 76 5 100 14 94 65
 30 65 22 91 35 47 41 83 25 13 7 96 77 93 76 53 40 55 41 34 2 34 54 81 42 47 51
 96 61 57 75 75 9 50 62 80 96 19 36 40 39 68 79 49 87 99 23 48
 ---------------------
 -99. 75 9 3735
 82 52 75 84 97 15 99 58 86 36 7 4 5 28 14 92 86 86 64 39 97 20 8 9 94 87 50 38
 32 77 34 18 20 61 30 27 75 78 13 39 84 13 89 60 50 41 48 5 58 96 95 42 50 1 74
 47 35 35 61 63 27 32 58 66 55 95 70 54 11 6 25 58 77 7 31
 17 62 97 56 16 80 37 35 68 64 62 76 15 89 22 77 69 1 77 31 32 73 7 80 33 13 62
 6 84 75 8 67 84 27 52 7 4 95 43 100 45 40 85 20 3 38 88 91 17 14 67 95 43 11 54
 13 75 97 31 30 45 17 61 81 36 3 86 72 39 93 30 21 97 32 45
 ---------------------
 -99. 75 10 3874
 5 36 99 80 74 30 82 29 48 46 14 48 4 99 31 41 98 71 47 62 68 94 56 42 70 35 74
 28 64 43 53 28 30 39 45 94 13 91 40 43 69 2 25 97 5 34 12 83 98 80 70 18 84 31
 35 86 99 95 14 17 24 34 52 72 12 53 56 38 99 10 4 84 28 2 91
 61 13 99 89 97 32 100 35 82 25 13 70 32 44 77 24 34 72 56 76 10 70 9 60 52 32
 59 82 3 28 25 99 21 13 21 89 95 83 90 23 97 4 17 100 51 35 42 80 100 74 53 48
 39 71 12 65 93 19 87 51 40 72 42 66 53 70 32 5 10 7 11 55 95 41 42
 ---------------------
 -99. 100 1 4890
 19 66 48 20 71 55 8 10 63 15 80 17 45 6 75 99 64 13 43 95 28 24 7 18 52 20 26
 56 71 73 48 11 75 88 49 50 50 4 20 18 17 44 10 3 42 86 92 86 12 71 23 97 38 98
 13 5 10 91 90 52 84 65 47 54 25 43 84 35 47 10 30 77 36 45 81 26 39 26 40 80 19
 18 9 68 20 96 5 72 88 57 89 58 22 77 73 7 71 76 15 75
 34 85 90 5 2 11 55 67 1 23 45 73 87 16 57 13 16 73 40 35 61 74 42 14 54 41 22 7
 51 76 81 37 95 35 69 50 62 40 96 39 56 100 19 28 19 9 27 79 63 68 23 14 65 27
 38 44 55 40 85 97 26 82 28 37 40 94 81 74 90 71 19 46 61 11 59 76 32 30 17 65 9
 43 87 65 31 80 94 9 34 18 38 61 35 42 49 83 80 51 84 28
 ---------------------
 -99. 100 2 5417
 83 98 68 96 59 47 88 90 67 35 36 1 29 42 47 79 16 61 59 35 52 76 11 38 64 20 94
 68 11 21 100 63 55 92 21 46 86 96 28 94 61 92 22 87 14 58 60 54 72 51 67 65 74
 98 5 49 18 63 58 8 20 93 31 46 29 51 72 47 95 66 6 49 52 25 9 98 47 14 92 24 15
 2 1 8 100 60 17 16 72 45 93 94 74 61 89 99 43 80 47 87
 26 81 58 97 6 67 31 83 49 15 21 61 71 12 21 49 68 49 80 99 57 46 94 58 34 89 26
 35 31 20 17 61 91 43 97 10 2 48 76 95 12 28 63 56 71 17 39 43 75 64 63 70 9 67
 6 56 51 84 25 13 18 58 84 17 88 62 89 6 42 39 63 2 41 3 71 56 64 6 77 69 57 67
 87 17 23 56 38 65 30 26 70 61 95 6 61 79 44 51 12 88
 ---------------------
 -99. 100 3 5065
 47 30 88 72 47 39 68 70 71 55 92 85 13 78 19 59 68 9 75 75 76 28 15 58 76 20 62
 80 51 69 52 15 35 96 93 42 22 88 36 70 5 40 34 71 86 30 28 22 32 31 11 33 10 98
 97 93 26 35 26 64 56 21 15 38 33 59 60 59 43 22 82 21 68 5 37 70 55 2 44 68 11
 86 93 48 80 24 29 60 56 33 97 30 26 45 5 91 15 84 79 99
 18 77 26 89 10 23 7 99 97 7 97 49 55 8 85 85 20 25 20 63 53 18 46 2 14 37 30 63
 11 64 53 85 87 51 25 70 42 56 56 51 68 56 7 84 23 25 51 7 87 60 3 26 53 7 74 68
 47 28 65 29 10 34 40 97 36 30 97 38 94 7 7 58 21 95 83 36 96 82 37 73 5 91 87
 69 15 32 82 21 26 34 2 61 55 70 73 75 8 51 40 48
 ---------------------
 -99. 100 4 5513
 11 62 8 48 35 31 48 50 75 75 48 69 97 14 91 39 20 57 91 15 100 80 19 78 88 20
 30 92 91 17 4 67 15 100 65 38 58 80 44 46 49 88 46 55 58 2 96 90 92 11 55 1 46
 98 89 37 34 7 94 20 92 49 99 30 37 67 48 71 91 78 58 93 84 85 65 42 63 90 96 12
 7 70 85 88 60 88 41 4 40 21 1 66 78 29 21 83 87 88 11 11
 10 73 94 81 14 79 83 15 45 99 73 37 39 4 49 21 72 1 60 27 49 90 98 46 94 85 34
 91 91 8 89 9 83 59 53 30 82 64 36 7 24 84 51 12 75 33 63 71 99 56 43 82 97 47
 42 80 43 72 5 45 2 10 96 77 84 98 5 70 46 75 51 14 1 87 95 16 28 58 97 77 53 15
 87 21 7 8 26 77 22 42 34 61 15 34 85 71 72 51 68 8
 ---------------------
 -99. 100 5 5626
 75 94 28 24 23 23 28 30 79 95 4 53 81 50 63 19 72 5 7 55 24 32 23 98 100 20 98
 4 31 65 56 19 95 4 37 34 94 72 52 22 93 36 58 39 30 74 64 58 52 91 99 69 82 98
 81 81 42 79 62 76 28 77 83 22 41 75 36 83 39 34 34 65 100 65 93 14 71 78 48 56
 3 54 77 28 40 52 53 48 24 9 5 2 30 13 37 75 59 92 43 23
 2 69 62 73 18 35 59 31 93 91 49 25 23 100 13 57 24 77 100 91 45 62 50 90 74 33
 38 19 71 52 25 33 79 67 81 90 22 72 16 63 80 12 95 40 27 41 75 35 11 52 83 38
 41 87 10 92 39 16 45 61 94 86 52 57 32 66 13 2 98 43 95 70 81 79 7 96 60 34 57
 81 1 39 87 73 99 84 70 33 18 50 66 61 75 98 97 67 36 51 96 68
 ---------------------
 -99. 100 6 5310
 39 26 48 100 11 15 8 10 83 15 60 37 65 86 35 99 24 53 23 95 48 84 27 18 12 20
 66 16 71 13 8 71 75 8 9 30 30 64 60 98 37 84 70 23 2 46 32 26 12 71 43 37 18 98
 73 25 50 51 30 32 64 5 67 14 45 83 24 95 87 90 10 37 16 45 21 86 79 66 100 100
 99 38 69 68 20 16 65 92 8 97 9 38 82 97 53 67 31 96 75 35
 94 65 30 65 22 91 35 47 41 83 25 13 7 96 77 93 76 53 40 55 41 34 2 34 54 81 42
 47 51 96 61 57 75 75 9 50 62 80 96 19 36 40 39 68 79 49 87 99 23 48 23 94 85 27
 78 4 35 60 85 77 86 62 8 37 80 34 21 34 50 11 39 26 61 71 19 76 92 10 17 85 49
 63 87 25 91 60 14 89 14 58 98 61 35 62 9 63 100 51 24 28
 ---------------------
 -99. 100 7 5394
 3 58 68 76 99 7 88 90 87 35 16 21 49 22 7 79 76 1 39 35 72 36 31 38 24 20 34 28
 11 61 60 23 55 12 81 26 66 56 68 74 81 32 82 7 74 18 100 94 72 51 87 5 54 98 65
 69 58 23 98 88 100 33 51 6 49 91 12 7 35 46 86 9 32 25 49 58 87 54 52 44 95 22
 61 8 100 80 77 36 92 85 13 74 34 81 69 59 3 100 7 47
 86 61 98 57 26 47 11 63 89 75 1 1 91 92 41 29 28 29 80 19 37 6 54 78 34 29 46
 75 31 40 97 81 71 83 37 10 2 88 76 75 92 68 83 96 31 57 99 63 35 44 63 50 29 67
 46 16 31 4 25 93 78 38 64 17 28 2 29 66 2 79 83 82 41 63 31 56 24 86 77 89 97
 87 87 77 83 36 58 45 10 66 30 61 95 26 21 59 64 51 52 88
 ---------------------
 -99. 100 8 5605
 67 90 88 52 87 99 68 70 91 55 72 5 33 58 79 59 28 49 55 75 96 88 35 58 36 20 2
 40 51 9 12 75 35 16 53 22 2 48 76 50 25 80 94 91 46 90 68 62 32 31 31 73 90 98
 57 13 66 95 66 44 36 61 35 98 53 99 100 19 83 2 62 81 48 5 77 30 95 42 4 88 91
 6 53 48 80 44 89 80 76 73 17 10 86 65 85 51 75 4 39 59
 78 57 66 49 30 3 87 79 37 67 77 89 75 88 5 65 80 5 20 83 33 78 6 22 14 77 50 3
 11 84 33 5 67 91 65 70 42 96 56 31 48 96 27 24 83 65 11 27 47 40 3 6 73 7 14 28
 27 48 65 9 70 14 20 97 76 70 37 98 54 47 27 38 21 55 43 36 56 62 37 93 45 11 87
 29 75 12 2 1 6 74 62 61 55 90 33 55 28 51 80 48
 ---------------------
 -99. 100 9 5362
 31 22 8 28 75 91 48 50 95 75 28 89 17 94 51 39 80 97 71 15 20 40 39 78 48 20 70
 52 91 57 64 27 15 20 25 18 38 40 84 26 69 28 6 75 18 62 36 30 92 11 75 41 26 98
 49 57 74 67 34 100 72 89 19 90 57 7 88 31 31 58 38 53 64 85 5 2 3 30 56 32 87
 90 45 88 60 8 1 24 60 61 21 46 38 49 1 43 47 8 71 71
 70 53 34 41 34 59 63 95 85 59 53 77 59 84 69 1 32 81 60 47 29 50 58 66 94 25 54
 31 91 28 69 29 63 99 93 30 82 4 36 87 4 24 71 52 35 73 23 91 59 36 43 62 17 47
 82 40 23 92 5 25 62 90 76 77 24 38 45 30 6 15 71 94 1 47 55 16 88 38 97 97 93
 35 87 81 67 88 46 57 2 82 94 61 15 54 45 51 92 51 8 8
 ---------------------
 -99. 100 10 4846
 95 54 28 4 63 83 28 30 99 95 84 73 1 30 23 19 32 45 87 55 44 92 43 98 60 20 38
 64 31 5 16 79 95 24 97 14 74 32 92 2 13 76 18 59 90 34 4 98 52 91 19 9 62 98 41
 1 82 39 2 56 8 17 3 82 61 15 76 43 79 14 14 25 80 65 33 74 11 18 8 76 83 74 37
 28 40 72 13 68 44 49 25 82 90 33 17 35 19 12 3 83
 62 49 2 33 38 15 39 11 33 51 29 65 43 80 33 37 84 57 100 11 25 22 10 10 74 73
 58 59 71 72 5 53 59 7 21 90 22 12 16 43 60 52 15 80 87 81 35 55 71 32 83 18 61
 87 50 52 19 36 45 41 54 66 32 57 72 6 53 62 58 83 15 50 81 39 67 96 20 14 57 1
 41 59 87 33 59 64 90 13 98 90 26 61 75 18 57 47 56 51 36 68
 ---------------------
 -99. 150 1 8114
 84 39 72 98 36 41 62 84 32 41 93 97 93 77 76 70 56 38 84 99 99 45 65 40 13 69
 91 98 53 66 18 39 7 53 40 87 83 83 84 4 90 17 85 48 27 55 64 27 23 78 23 31 73
 80 6 52 81 12 33 98 15 26 57 69 8 19 3 44 91 100 43 36 88 57 65 33 59 50 31 76
 9 82 82 86 78 81 55 75 30 24 25 90 77 23 100 85 76 69 76 47 39 69 49 70 18 98
 52 20 53 90 48 15 7 74 78 88 16 41 68 86 40 57 75 17 50 29 34 45 10 88 48 70 20
 30 81 63 78 53 43 3 48 41 14 7 47 11 56 37 20 68
 8 3 1 37 5 97 4 26 95 51 74 1 42 82 2 86 33 7 3 13 5 60 6 34 62 96 90 99 7 66
 96 24 37 3 79 99 80 98 8 95 71 11 75 33 2 82 21 1 66 68 33 19 99 81 24 21 65 37
 19 7 88 73 55 65 85 4 81 70 53 49 30 21 68 92 73 59 94 20 51 4 28 58 23 61 45
 42 26 57 33 38 19 5 92 46 22 31 56 2 11 32 25 28 15 55 59 86 55 79 27 81 76 47
 57 28 61 76 66 40 36 99 97 20 10 30 13 49 87 64 4 10 35 20 2 33 11 24 78 100 29
 44 71 69 54 97 40 36 76 17 80 76
 ---------------------
 -99. 150 2 7723
 89 49 42 98 51 21 22 49 42 86 38 57 23 92 31 5 16 53 69 44 44 85 10 15 73 84 51
 58 18 96 13 44 97 78 40 42 73 38 64 39 95 12 100 3 97 95 29 82 63 93 68 11 83
 85 81 42 61 77 3 48 25 1 52 84 28 59 98 39 76 85 73 41 43 77 75 68 49 10 41 56
 74 7 12 91 88 61 45 80 55 64 65 25 17 68 45 75 96 4 41 72 39 94 14 60 88 28 12
 45 8 15 18 40 47 54 58 83 11 31 18 66 50 67 65 27 55 74 14 20 70 88 23 75 5 95
 11 83 53 13 8 68 13 41 19 42 7 11 41 27 10 48
 33 48 81 87 40 62 49 56 45 21 14 96 12 7 12 46 93 72 68 23 35 30 31 49 77 96 80
 44 57 71 31 29 87 93 19 94 10 43 78 80 36 61 75 88 67 77 26 51 76 68 38 94 49
 91 84 31 30 37 19 47 3 73 5 80 90 74 56 65 83 64 85 51 93 57 78 84 4 95 56 19 3
 18 58 11 85 47 71 42 98 58 29 10 57 81 82 66 1 27 71 2 80 18 40 40 54 61 75 9 7
 86 21 87 82 28 41 16 11 5 51 9 62 60 55 10 23 14 32 24 84 10 10 80 67 53 91 99
 93 5 9 24 71 49 74 32 65 66 76 52 75 61
 ---------------------
 -99. 150 3 8163
 94 59 12 98 66 1 82 14 52 31 83 17 53 7 86 40 76 68 54 89 89 25 55 90 33 99 11
 18 83 26 8 49 87 3 40 97 63 93 44 74 100 7 15 58 67 35 94 37 3 8 13 91 93 90 56
 32 41 42 73 98 35 76 47 99 48 99 93 34 61 70 3 46 98 97 85 3 39 70 51 36 39 32
 42 96 98 41 35 85 80 4 5 60 57 13 90 65 16 39 6 97 39 19 79 50 58 58 72 70 63
 40 88 65 87 34 38 78 6 21 68 46 60 77 55 37 60 19 94 95 30 88 98 80 90 60 41 3
 28 73 73 33 78 41 24 77 67 11 26 17 100 28
 58 93 61 37 75 27 94 86 95 91 54 91 82 32 22 6 53 37 33 33 65 100 56 64 92 96
 70 89 7 76 66 34 37 83 59 89 40 88 48 65 1 11 75 43 32 72 31 1 86 68 43 69 99 1
 44 41 95 37 19 87 18 73 55 95 95 44 31 60 13 79 40 81 18 22 83 9 14 70 61 34 78
 78 93 61 25 52 16 27 63 78 39 15 22 16 42 1 46 52 31 72 35 8 65 25 49 36 95 39
 87 91 66 27 7 28 21 56 56 70 66 19 27 100 100 90 33 79 77 84 64 10 85 40 32 73
 71 74 8 10 89 4 71 29 94 67 90 96 76 87 70 46
 ---------------------
 -99. 150 4 7703
 99 69 82 98 81 81 42 79 62 76 28 77 83 22 41 75 36 83 39 34 34 65 100 65 93 14
 71 78 48 56 3 54 77 28 40 52 53 48 24 9 5 2 30 13 37 75 59 92 43 23 58 71 3 95
 31 22 21 7 43 48 45 51 42 14 68 39 88 29 46 55 33 51 53 17 95 38 29 30 61 16 4
 57 72 1 8 21 25 90 5 44 45 95 97 58 35 55 36 74 71 22 39 44 44 40 28 88 32 95
 18 65 58 90 27 14 18 73 1 11 18 26 70 87 45 47 65 64 74 70 90 88 73 85 75 25 71
 23 3 33 38 98 43 41 29 12 27 11 11 7 90 8
 83 38 41 87 10 92 39 16 45 61 94 86 52 57 32 66 13 2 98 43 95 70 81 79 7 96 60
 34 57 81 1 39 87 73 99 84 70 33 18 50 66 61 75 98 97 67 36 51 96 68 48 44 49 11
 4 51 60 37 19 27 33 73 5 10 100 14 6 55 43 94 95 11 43 87 88 34 24 45 66 49 53
 38 28 11 65 57 61 12 28 98 49 20 87 51 2 36 91 77 91 42 90 98 90 10 44 11 15 69
 67 96 11 67 32 28 1 96 1 35 81 29 92 40 45 70 43 44 22 44 44 10 60 100 97 93 51
 49 23 15 69 84 71 9 14 2 15 26 76 22 65 31
 ---------------------
 -99. 150 5 7543
 4 79 52 98 96 61 2 44 72 21 73 37 13 37 96 10 96 98 24 79 79 5 45 40 53 29 31
 38 13 86 98 59 67 53 40 7 43 3 4 44 10 97 45 68 7 15 24 47 83 38 3 51 13 100 6
 12 1 72 13 98 55 26 37 29 88 79 83 24 31 40 63 56 8 37 5 73 19 90 71 96 69 82 2
 6 18 1 15 95 30 84 85 30 37 3 80 45 56 9 36 47 39 69 9 30 98 18 92 20 73 90 28
 15 67 94 98 68 96 1 68 6 80 97 35 57 70 9 54 45 50 88 48 90 60 90 1 43 78 93 3
 63 8 41 34 47 87 11 96 97 80 88
 8 83 21 37 45 57 84 46 95 31 34 81 22 82 42 26 73 67 63 53 25 40 6 94 22 96 50
 79 7 86 36 44 37 63 39 79 100 78 88 35 31 11 75 53 62 62 41 1 6 68 53 19 99 21
 64 61 25 37 19 67 48 73 55 25 5 84 81 50 73 9 50 41 68 52 93 59 34 20 71 64 28
 98 63 61 5 62 6 97 93 18 59 25 52 86 62 71 36 2 51 12 45 88 15 95 39 86 35 99
 47 1 56 7 57 28 81 36 46 100 96 39 57 80 90 50 53 9 67 4 24 10 35 60 62 13 31
 24 38 20 49 64 71 89 34 37 40 56 76 57 60 16
 ---------------------
 -99. 150 6 7364
 9 89 22 98 11 41 62 9 82 66 18 97 43 52 51 45 56 13 9 24 24 45 90 15 13 44 91
 98 78 16 93 64 57 78 40 62 33 58 84 79 15 92 60 23 77 55 89 2 23 53 48 31 23 5
 81 2 81 37 83 48 65 1 32 44 8 19 78 19 16 25 93 61 63 57 15 8 9 50 81 76 34 7
 32 11 28 81 5 100 55 24 25 65 77 48 25 35 76 44 1 72 39 94 74 20 68 48 52 45 28
 15 98 40 7 74 78 63 91 91 18 86 90 7 25 67 75 54 34 20 10 88 23 95 45 55 31 63
 53 53 68 28 73 41 39 82 47 11 81 87 70 68
 33 28 1 87 80 22 29 76 45 1 74 76 92 7 52 86 33 32 28 63 55 10 31 9 37 96 40 24
 57 91 71 49 87 53 79 74 30 23 58 20 96 61 75 8 27 57 46 51 16 68 58 94 49 31 24
 71 90 37 19 7 63 73 5 40 10 54 56 45 3 24 5 71 93 17 98 84 44 95 76 79 3 58 98
 11 45 67 51 82 58 38 69 30 17 21 22 6 81 27 11 82 100 78 40 80 34 61 55 29 27 6
 1 47 82 28 61 76 91 65 11 49 22 20 35 30 63 74 12 64 4 10 10 20 27 33 11 99 53
 25 29 44 71 69 54 72 65 86 76 92 55 1
 ---------------------
 -99. 150 7 8134
 14 99 92 98 26 21 22 74 92 11 63 57 73 67 6 80 16 28 94 69 69 85 35 90 73 59 51
 58 43 46 88 69 47 3 40 17 23 13 64 14 20 87 75 78 47 95 54 57 63 68 93 11 33 10
 56 92 61 2 53 98 75 76 27 59 28 59 73 14 1 10 23 66 18 77 25 43 99 10 91 56 99
 32 62 16 38 61 95 5 80 64 65 100 17 93 70 25 96 79 66 97 39 19 39 10 38 78 12
 70 83 40 68 65 47 54 58 58 86 81 68 66 100 17 15 77 80 99 14 95 70 88 98 100 30
 20 61 83 28 13 33 93 38 41 44 17 7 11 66 77 60 48
 58 73 81 37 15 87 74 6 95 71 14 71 62 32 62 46 93 97 93 73 85 80 56 24 52 96 30
 69 7 96 6 54 37 43 19 69 60 68 28 5 61 11 75 63 92 52 51 1 26 68 63 69 99 41 84
 81 55 37 19 47 78 73 55 55 15 24 31 40 33 39 60 1 18 82 3 9 54 70 81 94 78 18
 33 61 85 72 96 67 23 58 79 35 82 56 82 41 26 52 71 52 55 68 65 65 29 36 75 59 7
 11 46 87 7 28 41 16 36 30 26 59 87 60 80 10 73 39 57 24 84 10 85 80 92 53 91 74
 68 30 9 24 71 49 74 7 90 16 76 27 50 86
 ---------------------
 -99. 150 8 7863
 19 9 62 98 41 1 82 39 2 56 8 17 3 82 61 15 76 43 79 14 14 25 80 65 33 74 11 18
 8 76 83 74 37 28 40 72 13 68 44 49 25 82 90 33 17 35 19 12 3 83 38 91 43 15 31
 82 41 67 23 48 85 51 22 74 48 99 68 9 86 95 53 71 73 97 35 78 89 70 1 36 64 57
 92 21 48 41 85 10 5 4 5 35 57 38 15 15 16 14 31 22 39 44 4 100 8 8 72 95 38 65
 38 90 87 34 38 53 81 71 18 46 10 27 5 87 85 44 94 70 30 88 73 5 15 85 91 3 3 73
 98 58 3 41 49 52 67 11 51 67 50 28
 83 18 61 87 50 52 19 36 45 41 54 66 32 57 72 6 53 62 58 83 15 50 81 39 67 96 20
 14 57 1 41 59 87 33 59 64 90 13 98 90 26 61 75 18 57 47 56 51 36 68 68 44 49 51
 44 91 20 37 19 87 93 73 5 70 20 94 6 35 63 54 15 31 43 47 8 34 64 45 86 9 53 78
 68 11 25 77 41 52 88 78 89 40 47 91 42 76 71 77 31 22 10 58 90 50 24 11 95 89
 87 16 91 27 32 28 21 56 81 95 41 69 52 100 25 90 83 4 2 84 64 10 60 40 57 73 71
 49 83 35 89 4 71 29 94 42 15 46 76 62 45 71
 ---------------------
 -99. 150 9 7674
 24 19 32 98 56 81 42 4 12 1 53 77 33 97 16 50 36 58 64 59 59 65 25 40 93 89 71
 78 73 6 78 79 27 53 40 27 3 23 24 84 30 77 5 88 87 75 84 67 43 98 83 71 53 20 6
 72 21 32 93 98 95 26 17 89 68 39 63 4 71 80 83 76 28 17 45 13 79 30 11 16 29 82
 22 26 58 21 75 15 30 44 45 70 97 83 60 5 36 49 96 47 39 69 69 90 78 38 32 20 93
 90 8 15 27 14 18 48 76 61 68 26 20 37 95 97 90 89 74 45 90 88 48 10 100 50 21
 23 78 33 63 23 68 41 54 87 27 11 36 57 40 8
 8 63 41 37 85 17 64 66 95 11 94 61 2 82 82 66 13 27 23 93 45 20 6 54 82 96 10
 59 7 6 76 64 37 23 99 59 20 58 68 75 91 11 75 73 22 42 61 1 46 68 73 19 99 61 4
 1 85 37 19 27 8 73 55 85 25 64 81 30 93 69 70 61 68 12 13 59 74 20 91 24 28 38
 3 61 65 82 86 37 53 98 99 45 12 26 2 11 16 2 91 92 65 48 15 35 19 86 15 19 67
 21 36 67 57 28 1 96 26 60 56 79 17 40 70 70 93 69 47 44 44 10 35 100 22 93 51
 24 98 40 69 84 71 9 14 77 40 76 76 97 40 56
 ---------------------
 -99. 150 10 7444
 29 29 2 98 71 61 2 69 22 46 98 37 63 12 71 85 96 73 49 4 4 5 70 15 53 4 31 38
 38 36 73 84 17 78 40 82 93 78 4 19 35 72 20 43 57 15 49 22 83 13 28 51 63 25 81
 62 1 97 63 48 5 1 12 4 88 79 58 99 56 65 13 81 83 37 55 48 69 90 21 96 94 7 52
 31 68 1 65 20 55 84 85 5 37 28 5 95 56 84 61 72 39 94 34 80 48 68 92 45 48 15
 78 40 67 94 98 43 71 51 18 6 30 47 85 7 95 34 54 20 50 88 23 15 85 15 51 43 53
 93 28 88 33 41 59 22 87 11 21 47 30 88
 33 8 21 87 20 82 9 96 45 81 34 56 72 7 92 26 73 92 88 3 75 90 31 69 97 96 100 4
 57 11 11 69 87 13 39 54 50 3 38 60 56 61 75 28 87 37 66 51 56 68 78 94 49 71 64
 11 50 37 19 67 23 73 5 100 30 34 56 25 23 84 25 91 93 77 18 84 84 95 96 39 3 98
 38 11 5 87 31 22 18 18 9 50 77 61 62 46 61 27 51 62 20 38 40 20 14 61 35 49 47
 26 81 7 82 28 81 36 71 25 71 89 82 80 15 50 3 34 92 4 24 10 10 60 87 13 31 99
 13 45 49 64 71 89 34 12 65 6 76 32 35 41
 ---------------------
 -99. 200 1 10855
 72 7 75 41 1 50 17 65 27 28 57 61 56 12 92 47 82 23 88 97 89 97 99 21 7 40 57
 62 73 52 22 87 68 47 100 17 93 16 35 92 53 37 65 12 29 3 80 96 29 12 79 14 2 8
 32 64 84 25 84 95 2 80 75 10 74 7 35 19 18 42 2 99 93 19 71 58 50 80 22 8 23 51
 77 83 67 7 73 45 76 36 41 61 55 94 39 91 13 35 98 84 4 31 95 2 82 43 62 40 18
 58 98 74 44 89 67 40 64 98 50 6 61 87 28 89 53 96 73 14 12 35 99 1 43 93 57 74
 4 99 73 2 22 8 100 71 92 71 22 21 36 48 75 98 82 50 88 64 7 63 4 69 70 70 20 23
 75 93 1 48 86 73 13 8 25 65 94 20 58 95 2 96 20 67 87 30 18 2 96 83 5 77 72 67
 76 69 18 57 50 34 88 9
 54 74 9 83 56 43 98 37 99 55 91 53 25 88 86 98 96 49 79 12 21 27 13 5 54 44 96
 75 12 27 63 90 30 91 53 23 75 14 66 82 1 66 85 93 94 98 45 67 23 86 56 26 40 92
 78 81 59 25 43 2 25 15 62 68 77 44 15 73 79 41 70 28 79 66 35 62 36 36 100 30
 30 92 95 57 47 19 61 41 45 40 11 45 78 44 25 62 96 84 39 53 75 32 48 6 3 79 84
 62 56 94 45 15 33 42 98 71 34 63 78 94 39 46 47 99 3 57 87 34 98 33 25 89 5 17
 94 20 56 42 88 11 92 35 16 76 94 34 13 42 32 87 2 43 5 39 99 37 42 66 89 2 62
 71 73 62 95 35 4 86 67 35 83 91 10 52 49 75 54 41 95 97 84 54 82 17 54 53 21 96
 17 80 29 79 10 48 67 70 20 61 88 30
 ---------------------
 -99. 200 2 10613
 66 63 87 7 71 38 33 83 91 8 9 71 50 70 96 15 56 97 70 79 65 63 65 5 59 82 45 34
 25 8 100 17 84 13 32 33 21 62 65 100 21 19 93 46 3 11 4 58 47 2 19 84 20 36 16
 60 76 55 70 25 26 70 83 26 50 21 49 87 18 78 74 51 1 31 97 32 46 90 94 28 73 37
 19 1 83 71 43 97 74 34 99 81 1 16 91 71 55 23 66 80 20 49 69 60 30 53 86 80 46
 2 88 22 44 41 91 28 12 64 66 22 77 25 48 97 73 46 3 88 80 19 17 25 93 45 47 60
 50 89 7 82 2 44 100 5 74 87 42 87 46 70 57 6 42 62 66 88 11 53 32 99 14 60 62
 55 19 23 93 66 48 1 25 30 93 79 44 64 48 43 48 56 42 51 9 24 22 2 78 13 33 41
 74 75 60 7 42 27 10 20 8 87
 80 4 69 95 48 75 96 37 79 43 9 33 45 26 92 62 86 23 35 90 67 63 83 83 40 54 8 5
 78 65 73 82 72 71 1 9 69 56 64 46 93 32 43 75 26 100 79 57 95 10 42 14 90 14 92
 51 83 1 39 28 19 23 92 8 73 52 9 71 37 93 8 76 93 82 67 40 30 68 76 50 100 24
 53 1 63 89 59 87 41 16 51 1 22 26 35 18 16 86 93 15 91 82 82 46 69 69 94 56 22
 34 9 69 81 62 16 29 66 31 88 46 95 58 63 87 43 5 65 92 84 39 73 85 59 29 18 60
 60 84 58 53 58 53 56 28 6 38 5 18 66 65 40 21 89 51 33 53 14 80 21 76 80 83 21
 30 1 57 50 50 31 21 85 99 8 60 67 17 70 1 57 93 32 46 4 13 46 73 33 98 91 62 99
 27 92 48 63 36 56 53 98 96
 ---------------------
 -99. 200 3 10871
 60 19 99 73 41 26 49 1 55 88 61 81 44 28 100 83 30 71 52 61 41 29 31 89 11 24
 33 6 77 64 78 47 100 79 64 49 49 8 95 8 89 1 21 80 77 19 28 20 65 92 59 54 38
 64 100 56 68 85 56 55 50 60 91 42 26 35 63 55 18 14 46 3 9 43 23 6 42 100 66 48
 23 23 61 19 99 35 13 49 72 32 57 1 47 38 43 51 97 11 34 76 36 67 43 18 78 63 10
 20 74 46 78 70 44 93 15 16 60 30 82 38 93 63 68 5 93 96 33 62 48 3 35 49 43 97
 37 46 96 79 41 62 82 80 100 39 56 3 62 53 56 92 39 14 2 74 44 12 15 43 60 29 58
 50 4 87 63 53 85 84 10 29 37 52 61 93 94 8 38 91 94 16 64 35 31 18 26 2 60 43
 61 5 76 83 44 45 66 97 70 6 28 65
 6 34 29 7 40 7 94 37 59 31 27 13 65 64 98 26 76 97 91 68 13 99 53 61 26 64 20
 35 44 3 83 74 14 51 49 95 63 98 62 10 85 98 1 57 58 2 13 47 67 34 28 2 40 36 6
 21 7 77 35 54 13 31 22 48 69 60 3 69 95 45 46 24 7 98 99 18 24 100 52 70 70 56
 11 45 79 59 57 33 37 92 91 57 66 8 45 74 36 88 47 77 7 32 16 86 35 59 4 50 88
 74 73 23 29 82 34 87 98 99 98 98 51 70 79 75 83 53 43 50 70 45 21 81 13 41 42
 100 64 26 28 95 24 71 96 80 18 42 97 94 100 43 78 99 73 63 67 69 86 94 53 50 98
 95 69 98 7 79 96 14 95 7 87 7 6 68 85 59 86 61 19 89 80 38 26 9 38 93 45 100 65
 44 69 75 74 48 59 2 92 45 8 62
 ---------------------
 -99. 200 4 9755
 54 75 11 39 11 14 65 19 19 68 13 91 38 86 4 51 4 45 34 43 17 95 97 73 63 66 21
 78 29 20 56 77 16 45 96 65 77 54 25 16 57 83 49 14 51 27 52 82 83 82 99 24 56
 92 84 52 60 15 42 85 74 50 99 58 2 49 77 23 18 50 18 55 17 55 49 80 38 10 38 68
 73 9 3 37 15 99 83 1 70 30 15 21 93 60 95 31 39 99 2 72 52 85 17 76 26 73 34 60
 2 90 68 18 44 45 39 4 8 96 98 54 9 1 88 13 13 46 63 36 16 87 53 73 93 49 27 32
 42 69 75 42 62 16 100 73 38 19 82 19 66 14 21 22 62 86 22 36 19 33 88 59 2 40
 46 19 7 83 77 2 72 57 49 74 29 7 44 52 28 39 40 76 86 19 53 12 30 2 42 73 89 69
 78 91 28 83 90 67 30 92 48 43
 32 64 89 19 32 39 92 37 39 19 45 93 85 2 4 90 66 71 47 46 59 35 23 39 12 74 32
 65 10 41 93 66 56 31 97 81 57 40 60 74 77 64 59 39 90 4 47 37 39 58 14 90 90 58
 20 91 31 53 31 80 7 39 52 88 65 68 97 67 53 97 84 72 21 14 31 96 18 32 28 90 40
 88 69 89 95 29 55 79 33 68 31 13 10 90 55 30 56 90 1 39 23 82 50 26 1 49 14 44
 54 14 37 77 77 2 52 45 30 67 8 50 7 82 95 63 23 1 21 8 56 51 69 77 67 53 66 40
 68 68 98 37 90 89 36 32 30 46 89 70 34 21 16 77 57 75 1 85 58 8 85 24 16 7 17
 66 13 1 42 78 59 93 89 15 4 76 3 1 2 21 81 85 28 30 48 5 30 13 57 2 39 26 39 23
 56 48 55 68 28 37 18 28
 ---------------------
 -99. 200 5 9741
 48 31 23 5 81 2 81 37 83 48 65 1 32 44 8 19 78 19 16 25 93 61 63 57 15 8 9 50
 81 76 34 7 32 11 28 81 5 100 55 24 25 65 77 48 25 35 76 44 1 72 39 94 74 20 68
 48 52 45 28 15 98 40 7 74 78 63 91 91 18 86 90 7 25 67 75 54 34 20 10 88 23 95
 45 55 31 63 53 53 68 28 73 41 39 82 47 11 81 87 70 68 68 3 91 34 74 83 58 100
 30 34 58 66 44 97 63 92 56 62 14 70 25 39 8 21 33 96 93 10 84 71 71 97 43 1 17
 18 88 59 9 22 42 52 100 7 20 35 2 85 76 36 3 30 22 98 100 60 23 23 16 89 46 30
 88 51 51 13 69 20 34 85 61 96 97 21 94 96 18 87 86 36 8 3 75 6 34 2 24 3 17 33
 80 99 12 21 14 37 90 78 68 21
 58 94 49 31 24 71 90 37 19 7 63 73 5 40 10 54 56 45 3 24 5 71 93 17 98 84 44 95
 76 79 3 58 98 11 45 67 51 82 58 38 69 30 17 21 22 6 81 27 11 82 100 78 40 80 34
 61 55 29 27 6 1 47 82 28 61 76 91 65 11 49 22 20 35 30 63 74 12 64 4 10 10 20
 27 33 11 99 53 25 29 44 71 69 54 72 65 86 76 92 55 1 39 32 84 66 67 39 24 38 20
 54 1 31 25 22 70 3 62 35 18 2 63 94 11 51 63 49 99 66 42 57 17 73 21 65 90 80
 72 10 68 79 56 7 76 84 42 50 81 46 68 99 54 55 41 87 35 1 30 22 17 98 34 19 65
 34 19 23 88 42 23 79 91 23 2 84 21 43 18 81 43 81 76 22 70 1 22 33 69 4 13 8 9
 71 38 48 51 34 64 29 28 94
 ---------------------
 -99. 200 6 10127
 42 87 35 71 51 90 97 55 47 28 17 11 26 2 12 87 52 93 98 7 69 27 29 41 67 50 97
 22 33 32 12 37 48 77 60 97 33 46 85 32 93 47 5 82 99 43 100 6 19 62 79 64 92 48
 52 44 44 75 14 45 22 30 15 90 54 77 5 59 18 22 62 59 33 79 1 28 30 30 82 8 73
 81 87 73 47 27 23 5 66 26 31 61 85 4 99 91 23 75 38 64 84 21 65 92 22 93 82 40
 58 78 48 14 44 49 87 80 4 28 30 86 41 77 28 29 53 46 23 84 52 55 89 21 93 53 7
 4 34 49 43 2 22 88 100 41 2 51 22 51 86 58 85 38 82 10 78 84 27 13 44 19 90 20
 30 83 95 43 61 38 96 13 73 18 65 35 44 40 8 35 32 96 30 87 97 100 38 2 6 33 45
 97 82 7 96 59 38 7 50 64 88 99
 84 24 9 43 16 3 88 37 99 95 81 53 25 78 16 18 46 19 59 2 51 7 63 95 84 94 56 25
 42 17 13 50 40 91 93 53 45 24 56 2 61 96 75 3 54 8 15 17 83 6 86 66 90 2 48 31
 79 5 23 32 95 55 12 68 57 84 85 63 69 1 60 68 49 46 95 52 6 96 80 30 80 52 85
 77 27 69 51 71 25 20 11 25 98 54 75 42 96 94 9 63 55 82 18 6 33 29 34 32 86 94
 65 85 73 42 88 61 94 3 28 54 19 6 27 39 3 97 77 24 28 63 65 69 75 77 14 20 76
 52 38 21 22 25 16 36 54 54 73 22 2 77 92 33 25 99 69 17 2 36 49 72 52 31 13 2
 25 45 34 6 87 65 93 31 100 92 39 85 34 41 5 77 24 14 92 97 14 53 81 6 87 90 79
 19 20 48 47 100 100 21 38 60
 ---------------------
 -99. 200 7 10113
 36 43 47 37 21 78 13 73 11 8 69 21 20 60 16 55 26 67 80 89 45 93 95 25 19 92 85
 94 85 88 90 67 64 43 92 13 61 92 15 40 61 29 33 16 73 51 24 68 37 52 19 34 10
 76 36 40 36 5 100 75 46 20 23 6 30 91 19 27 18 58 34 11 41 91 27 2 26 40 54 28
 23 67 29 91 63 91 93 57 64 24 89 81 31 26 51 71 65 63 6 60 100 39 39 50 70 3 6
 80 86 22 38 62 44 1 11 68 52 94 46 2 57 15 48 37 73 96 53 58 20 39 7 45 43 5 97
 90 80 39 77 82 2 24 100 75 84 67 42 17 96 80 67 46 42 22 56 8 31 3 72 49 34 10
 72 15 39 73 53 56 58 41 85 40 33 49 94 84 98 83 78 56 52 71 19 94 42 2 88 63 73
 61 84 15 80 97 62 77 10 50 8 77
 10 54 69 55 8 35 86 37 79 83 99 33 45 16 22 82 36 93 15 80 97 43 33 73 70 4 68
 55 8 55 23 42 82 71 41 39 39 66 54 66 53 62 33 85 86 10 49 7 55 30 72 54 40 24
 62 1 3 81 19 58 89 63 42 8 53 92 79 61 27 53 98 16 63 62 27 30 100 28 56 50 50
 84 43 21 43 39 49 17 21 96 51 81 42 36 85 98 16 96 63 25 71 32 52 46 99 19 44
 26 52 34 29 39 21 62 6 19 26 71 38 6 75 18 43 27 43 45 55 82 14 69 13 65 29 89
 38 60 80 94 8 63 88 43 56 88 66 58 65 98 36 55 30 11 9 11 3 33 74 50 81 46 70
 43 61 70 31 67 80 70 51 51 95 39 98 100 57 27 50 1 67 73 72 6 14 93 6 73 93 8
 61 72 49 67 2 48 43 66 36 13 48 26
 ---------------------
 -99. 200 8 10861
 30 99 59 3 91 66 29 91 75 88 21 31 14 18 20 23 100 41 62 71 21 59 61 9 71 34 73
 66 37 44 68 97 80 9 24 29 89 38 45 48 29 11 61 50 47 59 48 30 55 42 59 4 28 4
 20 36 28 35 86 5 70 10 31 22 6 5 33 95 18 94 6 63 49 3 53 76 22 50 26 48 73 53
 71 9 79 55 63 9 62 22 47 1 77 48 3 51 7 51 74 56 16 57 13 8 18 13 30 20 14 66
 28 10 44 53 35 56 100 60 62 18 73 53 68 45 93 46 83 32 88 23 25 69 93 57 87 76
 26 29 11 62 82 60 100 9 66 83 62 83 6 2 49 54 2 34 34 32 35 93 100 79 78 100 14
 47 83 3 45 74 20 69 97 62 1 63 44 28 88 31 24 16 74 55 41 88 46 2 70 93 1 25 86
 23 64 35 86 47 70 36 28 55
 36 84 29 67 100 67 84 37 59 71 17 13 65 54 28 46 26 67 71 58 43 79 3 51 56 14
 80 85 74 93 33 34 24 51 89 25 33 8 52 30 45 28 91 67 18 12 83 97 27 54 58 42 90
 46 76 71 27 57 15 84 83 71 72 48 49 100 73 59 85 5 36 64 77 78 59 8 94 60 32 70
 20 16 1 65 59 9 47 63 17 72 91 37 86 18 95 54 36 98 17 87 87 82 86 86 65 9 54
 20 18 74 93 93 69 82 24 77 58 39 48 58 31 30 59 15 83 93 33 40 100 75 61 61 83
 1 62 100 84 36 78 5 54 61 96 40 78 62 57 74 70 33 68 89 93 23 37 49 46 64 13 20
 88 55 9 38 37 89 26 34 15 37 97 47 96 8 75 69 66 61 29 69 20 98 36 89 98 93 5
 10 35 54 19 15 84 48 39 32 72 5 58 92
 ---------------------
 -99. 200 9 10485
 24 55 71 69 61 54 45 9 39 68 73 41 8 76 24 91 74 15 44 53 97 25 27 93 23 76 61
 38 89 100 46 27 96 75 56 45 17 84 75 56 97 93 89 84 21 67 72 92 73 32 99 74 46
 32 4 32 20 65 72 35 94 100 39 38 82 19 47 63 18 30 78 15 57 15 79 50 18 60 98
 68 23 39 13 27 95 19 33 61 60 20 5 21 23 70 55 31 49 39 42 52 32 75 87 66 66 23
 54 60 42 10 18 58 44 5 59 44 48 26 78 34 89 91 88 53 13 96 13 6 56 7 43 93 43 9
 77 62 72 19 45 42 62 96 100 43 48 99 82 49 16 24 31 62 62 46 12 56 39 83 28 9
 22 90 56 79 27 33 37 92 82 97 9 84 69 77 94 72 78 79 70 76 96 39 63 82 50 2 52
 23 29 89 88 31 48 73 10 17 30 22 48 33
 62 14 89 79 92 99 82 37 39 59 35 93 85 92 34 10 16 41 27 36 89 15 73 29 42 24
 92 15 40 31 43 26 66 31 37 11 27 50 50 94 37 94 49 49 50 14 17 87 99 78 44 30
 40 68 90 41 51 33 11 10 77 79 2 88 45 8 67 57 43 57 74 12 91 94 91 86 88 92 8
 90 90 48 59 9 75 79 45 9 13 48 31 93 30 100 5 10 56 100 71 49 3 32 20 26 31 99
 64 14 84 14 57 47 17 2 42 35 90 7 58 10 87 42 75 3 23 41 11 98 86 81 9 57 37 13
 86 40 88 78 48 47 20 79 36 92 90 66 49 50 4 11 6 67 77 35 71 65 18 78 45 94 6
 67 57 6 43 11 72 98 79 23 99 55 94 16 93 11 82 21 91 65 68 90 58 85 90 13 17 12
 9 36 89 63 66 48 35 98 8 97 68 58
 ---------------------
 -99. 200 10 9777
 18 11 83 35 31 42 61 27 3 48 25 51 2 34 28 59 48 89 26 35 73 91 93 77 75 18 49
 10 41 56 24 57 12 41 88 61 45 30 5 64 65 75 17 18 95 75 96 54 91 22 39 44 64 60
 88 28 12 95 58 65 18 90 47 54 58 33 61 31 18 66 50 67 65 27 5 24 14 70 70 88 73
 25 55 45 11 83 3 13 58 18 63 41 69 92 7 11 91 27 10 48 48 93 61 24 14 33 78 100
 70 54 8 6 44 57 83 32 96 92 94 50 5 29 8 61 33 46 43 80 24 91 61 17 93 61 67 48
 18 9 79 22 42 32 100 77 30 15 2 15 26 46 13 70 22 58 90 80 43 73 56 39 66 80 98
 11 71 63 29 10 44 25 21 6 37 91 44 16 68 27 16 36 18 23 85 76 54 2 34 53 57 53
 90 39 32 11 34 87 90 8 68 11
 88 44 49 91 84 31 80 37 19 47 53 73 5 30 40 74 6 15 83 14 35 51 43 7 28 34 4 45
 6 69 53 18 8 11 85 97 21 92 48 58 29 60 7 31 82 16 51 77 71 2 30 18 90 90 4 11
 75 9 7 36 71 87 32 28 41 16 61 55 1 9 12 60 5 10 23 64 82 24 84 10 60 80 17 53
 91 49 43 55 9 24 71 49 74 82 15 66 76 2 25 11 19 82 54 66 97 89 74 8 50 54 21 1
 65 22 60 93 22 75 68 62 43 54 91 91 63 89 89 56 72 87 57 53 91 25 10 80 92 20
 18 89 86 97 76 44 2 70 41 26 38 89 44 45 61 47 5 81 90 92 77 68 24 79 5 74 49
 33 18 62 43 9 1 63 92 24 11 53 98 81 53 61 16 82 80 81 82 33 29 14 83 18 59 11
 48 48 31 64 44 89 78 24
